// Validating benchmarks:
// ***** BenchmarkRunner: Start   *****
// ***** Found 24 benchmark(s) in total *****
// ***** Building 1 exe(s) in Parallel: Start   *****
// start dotnet  restore --nodeReuse:false /p:UseSharedCompilation=false /p:Deterministic=true /p:Optimize=true /p:ArtifactsPath="/home/os/GitHub/grid-influence/benchmarks/bin/Release/net10.0/GiBenchmarks-Jit-1/" /p:OutDir="/home/os/GitHub/grid-influence/benchmarks/bin/Release/net10.0/GiBenchmarks-Jit-1/bin/Release/net10.0/" /p:OutputPath="/home/os/GitHub/grid-influence/benchmarks/bin/Release/net10.0/GiBenchmarks-Jit-1/bin/Release/net10.0/" /p:PublishDir="/home/os/GitHub/grid-influence/benchmarks/bin/Release/net10.0/GiBenchmarks-Jit-1/publish/" in /home/os/GitHub/grid-influence/benchmarks/bin/Release/net10.0/GiBenchmarks-Jit-1
// command took 0.99 sec and exited with 0
// start dotnet  build -c Release --no-restore --nodeReuse:false /p:UseSharedCompilation=false /p:Deterministic=true /p:Optimize=true /p:ArtifactsPath="/home/os/GitHub/grid-influence/benchmarks/bin/Release/net10.0/GiBenchmarks-Jit-1/" /p:OutDir="/home/os/GitHub/grid-influence/benchmarks/bin/Release/net10.0/GiBenchmarks-Jit-1/bin/Release/net10.0/" /p:OutputPath="/home/os/GitHub/grid-influence/benchmarks/bin/Release/net10.0/GiBenchmarks-Jit-1/bin/Release/net10.0/" /p:PublishDir="/home/os/GitHub/grid-influence/benchmarks/bin/Release/net10.0/GiBenchmarks-Jit-1/publish/" --output "/home/os/GitHub/grid-influence/benchmarks/bin/Release/net10.0/GiBenchmarks-Jit-1/bin/Release/net10.0/" in /home/os/GitHub/grid-influence/benchmarks/bin/Release/net10.0/GiBenchmarks-Jit-1
// command took 5.71 sec and exited with 0
// ***** Done, took 00:00:06 (6.74 sec)   *****
// Found 24 benchmarks:
//   TickBenchmarks.NaiveScatter: Jit(IterationCount=10, IterationTime=250ms, WarmupCount=8) [StampCount=256, Extent=256, Decay=False]
//   TickBenchmarks.FieldPipeline: Jit(IterationCount=10, IterationTime=250ms, WarmupCount=8) [StampCount=256, Extent=256, Decay=False]
//   TickBenchmarks.NaiveScatter: ShortRun(IterationCount=3, LaunchCount=1, WarmupCount=3) [StampCount=256, Extent=256, Decay=False]
//   TickBenchmarks.FieldPipeline: ShortRun(IterationCount=3, LaunchCount=1, WarmupCount=3) [StampCount=256, Extent=256, Decay=False]
//   TickBenchmarks.NaiveScatter: Jit(IterationCount=10, IterationTime=250ms, WarmupCount=8) [StampCount=256, Extent=256, Decay=True]
//   TickBenchmarks.FieldPipeline: Jit(IterationCount=10, IterationTime=250ms, WarmupCount=8) [StampCount=256, Extent=256, Decay=True]
//   TickBenchmarks.NaiveScatter: ShortRun(IterationCount=3, LaunchCount=1, WarmupCount=3) [StampCount=256, Extent=256, Decay=True]
//   TickBenchmarks.FieldPipeline: ShortRun(IterationCount=3, LaunchCount=1, WarmupCount=3) [StampCount=256, Extent=256, Decay=True]
//   TickBenchmarks.NaiveScatter: Jit(IterationCount=10, IterationTime=250ms, WarmupCount=8) [StampCount=256, Extent=1024, Decay=False]
//   TickBenchmarks.FieldPipeline: Jit(IterationCount=10, IterationTime=250ms, WarmupCount=8) [StampCount=256, Extent=1024, Decay=False]
//   TickBenchmarks.NaiveScatter: ShortRun(IterationCount=3, LaunchCount=1, WarmupCount=3) [StampCount=256, Extent=1024, Decay=False]
//   TickBenchmarks.FieldPipeline: ShortRun(IterationCount=3, LaunchCount=1, WarmupCount=3) [StampCount=256, Extent=1024, Decay=False]
//   TickBenchmarks.NaiveScatter: Jit(IterationCount=10, IterationTime=250ms, WarmupCount=8) [StampCount=256, Extent=1024, Decay=True]
//   TickBenchmarks.FieldPipeline: Jit(IterationCount=10, IterationTime=250ms, WarmupCount=8) [StampCount=256, Extent=1024, Decay=True]
//   TickBenchmarks.NaiveScatter: ShortRun(IterationCount=3, LaunchCount=1, WarmupCount=3) [StampCount=256, Extent=1024, Decay=True]
//   TickBenchmarks.FieldPipeline: ShortRun(IterationCount=3, LaunchCount=1, WarmupCount=3) [StampCount=256, Extent=1024, Decay=True]
//   TickBenchmarks.NaiveScatter: Jit(IterationCount=10, IterationTime=250ms, WarmupCount=8) [StampCount=256, Extent=2048, Decay=False]
//   TickBenchmarks.FieldPipeline: Jit(IterationCount=10, IterationTime=250ms, WarmupCount=8) [StampCount=256, Extent=2048, Decay=False]
//   TickBenchmarks.NaiveScatter: ShortRun(IterationCount=3, LaunchCount=1, WarmupCount=3) [StampCount=256, Extent=2048, Decay=False]
//   TickBenchmarks.FieldPipeline: ShortRun(IterationCount=3, LaunchCount=1, WarmupCount=3) [StampCount=256, Extent=2048, Decay=False]
//   TickBenchmarks.NaiveScatter: Jit(IterationCount=10, IterationTime=250ms, WarmupCount=8) [StampCount=256, Extent=2048, Decay=True]
//   TickBenchmarks.FieldPipeline: Jit(IterationCount=10, IterationTime=250ms, WarmupCount=8) [StampCount=256, Extent=2048, Decay=True]
//   TickBenchmarks.NaiveScatter: ShortRun(IterationCount=3, LaunchCount=1, WarmupCount=3) [StampCount=256, Extent=2048, Decay=True]
//   TickBenchmarks.FieldPipeline: ShortRun(IterationCount=3, LaunchCount=1, WarmupCount=3) [StampCount=256, Extent=2048, Decay=True]

// **************************
// Benchmark: TickBenchmarks.NaiveScatter: Jit(IterationCount=10, IterationTime=250ms, WarmupCount=8) [StampCount=256, Extent=256, Decay=False]
// *** Execute ***
// Launch: 1 / 1
// Execute: dotnet GiBenchmarks-Jit-1.dll --anonymousPipes 124 125 --benchmarkName "Benchmarks.TickBenchmarks.NaiveScatter(StampCount: 256, Extent: 256, Decay: False)" --job Jit --benchmarkId 0 in /home/os/GitHub/grid-influence/benchmarks/bin/Release/net10.0/GiBenchmarks-Jit-1/bin/Release/net10.0
// Failed to set up high priority (Permission denied). In order to run benchmarks with high priority, make sure you have the right permissions.
// BeforeAnythingElse

// Benchmark Process Environment Information:
// BenchmarkDotNet v0.15.8
// Runtime=.NET 10.0.12 (10.0.12, 10.0.1226.42308), X64 RyuJIT x86-64-v4
// GC=Concurrent Workstation
// HardwareIntrinsics=AVX512 BITALG+VBMI2+VNNI+VPOPCNTDQ,AVX512 IFMA+VBMI,AVX512 F+BW+CD+DQ+VL,AVX2+BMI1+BMI2+F16C+FMA+LZCNT+MOVBE,AVX,SSE3+SSSE3+SSE4.1+SSE4.2+POPCNT,X86Base+SSE+SSE2,AES+PCLMUL VectorSize=256
// Job: Jit(IterationCount=10, IterationTime=250ms, WarmupCount=8)

OverheadJitting  1: 1 op, 133907.00 ns, 133.9070 us/op
WorkloadJitting  1: 1 op, 2216740.00 ns, 2.2167 ms/op

OverheadJitting  2: 16 op, 204086.00 ns, 12.7554 us/op
WorkloadJitting  2: 16 op, 19731712.00 ns, 1.2332 ms/op

WorkloadPilot    1: 16 op, 18690985.00 ns, 1.1682 ms/op
WorkloadPilot    2: 224 op, 194358645.00 ns, 867.6725 us/op
WorkloadPilot    3: 288 op, 48095867.00 ns, 166.9995 us/op
WorkloadPilot    4: 1504 op, 248702191.00 ns, 165.3605 us/op
WorkloadPilot    5: 1520 op, 252892975.00 ns, 166.3770 us/op
WorkloadPilot    6: 1504 op, 251032368.00 ns, 166.9098 us/op

OverheadWarmup   1: 1504 op, 3520.00 ns, 2.3404 ns/op
OverheadWarmup   2: 1504 op, 2090.00 ns, 1.3896 ns/op
OverheadWarmup   3: 1504 op, 2040.00 ns, 1.3564 ns/op
OverheadWarmup   4: 1504 op, 2090.00 ns, 1.3896 ns/op
OverheadWarmup   5: 1504 op, 2080.00 ns, 1.3830 ns/op
OverheadWarmup   6: 1504 op, 2050.00 ns, 1.3630 ns/op
OverheadWarmup   7: 1504 op, 2090.00 ns, 1.3896 ns/op
OverheadWarmup   8: 1504 op, 2070.00 ns, 1.3763 ns/op

OverheadActual   1: 1504 op, 2290.00 ns, 1.5226 ns/op
OverheadActual   2: 1504 op, 2509.00 ns, 1.6682 ns/op
OverheadActual   3: 1504 op, 2260.00 ns, 1.5027 ns/op
OverheadActual   4: 1504 op, 2150.00 ns, 1.4295 ns/op
OverheadActual   5: 1504 op, 2150.00 ns, 1.4295 ns/op
OverheadActual   6: 1504 op, 2090.00 ns, 1.3896 ns/op
OverheadActual   7: 1504 op, 2080.00 ns, 1.3830 ns/op
OverheadActual   8: 1504 op, 2080.00 ns, 1.3830 ns/op
OverheadActual   9: 1504 op, 2050.00 ns, 1.3630 ns/op
OverheadActual  10: 1504 op, 2060.00 ns, 1.3697 ns/op
OverheadActual  11: 1504 op, 2090.00 ns, 1.3896 ns/op
OverheadActual  12: 1504 op, 2070.00 ns, 1.3763 ns/op
OverheadActual  13: 1504 op, 2091.00 ns, 1.3903 ns/op
OverheadActual  14: 1504 op, 2100.00 ns, 1.3963 ns/op
OverheadActual  15: 1504 op, 2070.00 ns, 1.3763 ns/op

WorkloadWarmup   1: 1504 op, 251091737.00 ns, 166.9493 us/op
WorkloadWarmup   2: 1504 op, 250245096.00 ns, 166.3864 us/op
WorkloadWarmup   3: 1504 op, 253580740.00 ns, 168.6042 us/op
WorkloadWarmup   4: 1504 op, 253425744.00 ns, 168.5012 us/op
WorkloadWarmup   5: 1504 op, 252432526.00 ns, 167.8408 us/op
WorkloadWarmup   6: 1504 op, 253098911.00 ns, 168.2839 us/op
WorkloadWarmup   7: 1504 op, 254149607.00 ns, 168.9825 us/op
WorkloadWarmup   8: 1504 op, 256444755.00 ns, 170.5085 us/op

// BeforeActualRun
WorkloadActual   1: 1504 op, 264100311.00 ns, 175.5986 us/op
WorkloadActual   2: 1504 op, 262689174.00 ns, 174.6604 us/op
WorkloadActual   3: 1504 op, 288263522.00 ns, 191.6646 us/op
WorkloadActual   4: 1504 op, 256388577.00 ns, 170.4711 us/op
WorkloadActual   5: 1504 op, 249761397.00 ns, 166.0648 us/op
WorkloadActual   6: 1504 op, 254622526.00 ns, 169.2969 us/op
WorkloadActual   7: 1504 op, 250355363.00 ns, 166.4597 us/op
WorkloadActual   8: 1504 op, 252510414.00 ns, 167.8926 us/op
WorkloadActual   9: 1504 op, 255192893.00 ns, 169.6761 us/op
WorkloadActual  10: 1504 op, 248422607.00 ns, 165.1746 us/op

// AfterActualRun
WorkloadResult   1: 1504 op, 264098221.00 ns, 175.5972 us/op
WorkloadResult   2: 1504 op, 262687084.00 ns, 174.6590 us/op
WorkloadResult   3: 1504 op, 256386487.00 ns, 170.4697 us/op
WorkloadResult   4: 1504 op, 249759307.00 ns, 166.0634 us/op
WorkloadResult   5: 1504 op, 254620436.00 ns, 169.2955 us/op
WorkloadResult   6: 1504 op, 250353273.00 ns, 166.4583 us/op
WorkloadResult   7: 1504 op, 252508324.00 ns, 167.8912 us/op
WorkloadResult   8: 1504 op, 255190803.00 ns, 169.6747 us/op
WorkloadResult   9: 1504 op, 248420517.00 ns, 165.1732 us/op
// GC:  0 0 0 0 1504
// Threading:  0 0 1504

// AfterAll
// Benchmark Process 186822 has exited with code 0.

Mean = 169.476 μs, StdErr = 1.220 μs (0.72%), N = 9, StdDev = 3.660 μs
Min = 165.173 μs, Q1 = 166.458 μs, Median = 169.296 μs, Q3 = 170.470 μs, Max = 175.597 μs
IQR = 4.011 μs, LowerFence = 160.441 μs, UpperFence = 176.487 μs
ConfidenceInterval = [163.325 μs; 175.626 μs] (CI 99.9%), Margin = 6.151 μs (3.63% of Mean)
Skewness = 0.5, Kurtosis = 1.67, MValue = 2

// ** Remained 23 (95.8%) benchmark(s) to run. Estimated finish 2026-10-01 17:58 (0h 2m from now) **
// **************************
// Benchmark: TickBenchmarks.FieldPipeline: Jit(IterationCount=10, IterationTime=250ms, WarmupCount=8) [StampCount=256, Extent=256, Decay=False]
// *** Execute ***
// Launch: 1 / 1
// Execute: dotnet GiBenchmarks-Jit-1.dll --anonymousPipes 124 125 --benchmarkName "Benchmarks.TickBenchmarks.FieldPipeline(StampCount: 256, Extent: 256, Decay: False)" --job Jit --benchmarkId 1 in /home/os/GitHub/grid-influence/benchmarks/bin/Release/net10.0/GiBenchmarks-Jit-1/bin/Release/net10.0
// Failed to set up high priority (Permission denied). In order to run benchmarks with high priority, make sure you have the right permissions.
// BeforeAnythingElse

// Benchmark Process Environment Information:
// BenchmarkDotNet v0.15.8
// Runtime=.NET 10.0.12 (10.0.12, 10.0.1226.42308), X64 RyuJIT x86-64-v4
// GC=Concurrent Workstation
// HardwareIntrinsics=AVX512 BITALG+VBMI2+VNNI+VPOPCNTDQ,AVX512 IFMA+VBMI,AVX512 F+BW+CD+DQ+VL,AVX2+BMI1+BMI2+F16C+FMA+LZCNT+MOVBE,AVX,SSE3+SSSE3+SSE4.1+SSE4.2+POPCNT,X86Base+SSE+SSE2,AES+PCLMUL VectorSize=256
// Job: Jit(IterationCount=10, IterationTime=250ms, WarmupCount=8)

OverheadJitting  1: 1 op, 121627.00 ns, 121.6270 us/op
WorkloadJitting  1: 1 op, 8856049.00 ns, 8.8560 ms/op

OverheadJitting  2: 16 op, 228085.00 ns, 14.2553 us/op
WorkloadJitting  2: 16 op, 31804307.00 ns, 1.9878 ms/op

WorkloadPilot    1: 16 op, 29468081.00 ns, 1.8418 ms/op
WorkloadPilot    2: 144 op, 194523391.00 ns, 1.3509 ms/op
WorkloadPilot    3: 192 op, 37419650.00 ns, 194.8940 us/op
WorkloadPilot    4: 1296 op, 243185116.00 ns, 187.6428 us/op
WorkloadPilot    5: 1344 op, 242402384.00 ns, 180.3589 us/op
WorkloadPilot    6: 1392 op, 270053655.00 ns, 194.0041 us/op
WorkloadPilot    7: 1296 op, 283244966.00 ns, 218.5532 us/op
WorkloadPilot    8: 1152 op, 233444237.00 ns, 202.6426 us/op
WorkloadPilot    9: 1248 op, 253159720.00 ns, 202.8523 us/op

OverheadWarmup   1: 1248 op, 3470.00 ns, 2.7804 ns/op
OverheadWarmup   2: 1248 op, 2170.00 ns, 1.7388 ns/op
OverheadWarmup   3: 1248 op, 2160.00 ns, 1.7308 ns/op
OverheadWarmup   4: 1248 op, 2170.00 ns, 1.7388 ns/op
OverheadWarmup   5: 1248 op, 2000.00 ns, 1.6026 ns/op
OverheadWarmup   6: 1248 op, 1940.00 ns, 1.5545 ns/op
OverheadWarmup   7: 1248 op, 1740.00 ns, 1.3942 ns/op
OverheadWarmup   8: 1248 op, 1749.00 ns, 1.4014 ns/op
OverheadWarmup   9: 1248 op, 1690.00 ns, 1.3542 ns/op

OverheadActual   1: 1248 op, 1839.00 ns, 1.4736 ns/op
OverheadActual   2: 1248 op, 1820.00 ns, 1.4583 ns/op
OverheadActual   3: 1248 op, 10180.00 ns, 8.1571 ns/op
OverheadActual   4: 1248 op, 2020.00 ns, 1.6186 ns/op
OverheadActual   5: 1248 op, 2000.00 ns, 1.6026 ns/op
OverheadActual   6: 1248 op, 1910.00 ns, 1.5304 ns/op
OverheadActual   7: 1248 op, 8860.00 ns, 7.0994 ns/op
OverheadActual   8: 1248 op, 1900.00 ns, 1.5224 ns/op
OverheadActual   9: 1248 op, 1910.00 ns, 1.5304 ns/op
OverheadActual  10: 1248 op, 1940.00 ns, 1.5545 ns/op
OverheadActual  11: 1248 op, 1900.00 ns, 1.5224 ns/op
OverheadActual  12: 1248 op, 1910.00 ns, 1.5304 ns/op
OverheadActual  13: 1248 op, 2000.00 ns, 1.6026 ns/op
OverheadActual  14: 1248 op, 1770.00 ns, 1.4183 ns/op
OverheadActual  15: 1248 op, 3040.00 ns, 2.4359 ns/op
OverheadActual  16: 1248 op, 2740.00 ns, 2.1955 ns/op
OverheadActual  17: 1248 op, 2969.00 ns, 2.3790 ns/op
OverheadActual  18: 1248 op, 3060.00 ns, 2.4519 ns/op
OverheadActual  19: 1248 op, 2690.00 ns, 2.1554 ns/op
OverheadActual  20: 1248 op, 2680.00 ns, 2.1474 ns/op

WorkloadWarmup   1: 1248 op, 245911674.00 ns, 197.0446 us/op
WorkloadWarmup   2: 1248 op, 252141173.00 ns, 202.0362 us/op
WorkloadWarmup   3: 1248 op, 251156345.00 ns, 201.2471 us/op
WorkloadWarmup   4: 1248 op, 250363853.00 ns, 200.6121 us/op
WorkloadWarmup   5: 1248 op, 249423675.00 ns, 199.8587 us/op
WorkloadWarmup   6: 1248 op, 225878199.00 ns, 180.9921 us/op
WorkloadWarmup   7: 1248 op, 225000749.00 ns, 180.2891 us/op
WorkloadWarmup   8: 1248 op, 228322434.00 ns, 182.9507 us/op

// BeforeActualRun
WorkloadActual   1: 1248 op, 225518577.00 ns, 180.7040 us/op
WorkloadActual   2: 1248 op, 229862429.00 ns, 184.1846 us/op
WorkloadActual   3: 1248 op, 245722589.00 ns, 196.8931 us/op
WorkloadActual   4: 1248 op, 225964527.00 ns, 181.0613 us/op
WorkloadActual   5: 1248 op, 225568776.00 ns, 180.7442 us/op
WorkloadActual   6: 1248 op, 224659517.00 ns, 180.0156 us/op
WorkloadActual   7: 1248 op, 224977990.00 ns, 180.2708 us/op
WorkloadActual   8: 1248 op, 229640684.00 ns, 184.0070 us/op
WorkloadActual   9: 1248 op, 237534074.00 ns, 190.3318 us/op
WorkloadActual  10: 1248 op, 226794299.00 ns, 181.7262 us/op

// AfterActualRun
WorkloadResult   1: 1248 op, 225516577.00 ns, 180.7024 us/op
WorkloadResult   2: 1248 op, 229860429.00 ns, 184.1830 us/op
WorkloadResult   3: 1248 op, 225962527.00 ns, 181.0597 us/op
WorkloadResult   4: 1248 op, 225566776.00 ns, 180.7426 us/op
WorkloadResult   5: 1248 op, 224657517.00 ns, 180.0140 us/op
WorkloadResult   6: 1248 op, 224975990.00 ns, 180.2692 us/op
WorkloadResult   7: 1248 op, 229638684.00 ns, 184.0054 us/op
WorkloadResult   8: 1248 op, 226792299.00 ns, 181.7246 us/op
// GC:  0 0 0 0 1248
// Threading:  0 0 1248

// AfterAll
// Benchmark Process 186950 has exited with code 0.

Mean = 181.588 μs, StdErr = 0.576 μs (0.32%), N = 8, StdDev = 1.630 μs
Min = 180.014 μs, Q1 = 180.594 μs, Median = 180.901 μs, Q3 = 182.295 μs, Max = 184.183 μs
IQR = 1.701 μs, LowerFence = 178.043 μs, UpperFence = 184.846 μs
ConfidenceInterval = [178.472 μs; 184.704 μs] (CI 99.9%), Margin = 3.116 μs (1.72% of Mean)
Skewness = 0.69, Kurtosis = 1.59, MValue = 2

// ** Remained 22 (91.7%) benchmark(s) to run. Estimated finish 2026-10-01 17:59 (0h 2m from now) **
// **************************
// Benchmark: TickBenchmarks.NaiveScatter: ShortRun(IterationCount=3, LaunchCount=1, WarmupCount=3) [StampCount=256, Extent=256, Decay=False]
// *** Execute ***
// Launch: 1 / 1
// Execute: dotnet GiBenchmarks-Jit-1.dll --anonymousPipes 124 125 --benchmarkName "Benchmarks.TickBenchmarks.NaiveScatter(StampCount: 256, Extent: 256, Decay: False)" --job ShortRun --benchmarkId 2 in /home/os/GitHub/grid-influence/benchmarks/bin/Release/net10.0/GiBenchmarks-Jit-1/bin/Release/net10.0
// Failed to set up high priority (Permission denied). In order to run benchmarks with high priority, make sure you have the right permissions.
// BeforeAnythingElse

// Benchmark Process Environment Information:
// BenchmarkDotNet v0.15.8
// Runtime=.NET 10.0.12 (10.0.12, 10.0.1226.42308), X64 RyuJIT x86-64-v4
// GC=Concurrent Workstation
// HardwareIntrinsics=AVX512 BITALG+VBMI2+VNNI+VPOPCNTDQ,AVX512 IFMA+VBMI,AVX512 F+BW+CD+DQ+VL,AVX2+BMI1+BMI2+F16C+FMA+LZCNT+MOVBE,AVX,SSE3+SSSE3+SSE4.1+SSE4.2+POPCNT,X86Base+SSE+SSE2,AES+PCLMUL VectorSize=256
// Job: ShortRun(IterationCount=3, LaunchCount=1, WarmupCount=3)

OverheadJitting  1: 1 op, 119957.00 ns, 119.9570 us/op
WorkloadJitting  1: 1 op, 2224449.00 ns, 2.2244 ms/op

OverheadJitting  2: 16 op, 203455.00 ns, 12.7159 us/op
WorkloadJitting  2: 16 op, 19970846.00 ns, 1.2482 ms/op

WorkloadPilot    1: 16 op, 18725414.00 ns, 1.1703 ms/op
WorkloadPilot    2: 32 op, 37126667.00 ns, 1.1602 ms/op
WorkloadPilot    3: 64 op, 85641964.00 ns, 1.3382 ms/op
WorkloadPilot    4: 128 op, 79563133.00 ns, 621.5870 us/op
WorkloadPilot    5: 256 op, 40985479.00 ns, 160.0995 us/op
WorkloadPilot    6: 512 op, 81639936.00 ns, 159.4530 us/op
WorkloadPilot    7: 1024 op, 163490466.00 ns, 159.6587 us/op
WorkloadPilot    8: 2048 op, 336680513.00 ns, 164.3948 us/op
WorkloadPilot    9: 4096 op, 651952092.00 ns, 159.1680 us/op

OverheadWarmup   1: 4096 op, 7349.00 ns, 1.7942 ns/op
OverheadWarmup   2: 4096 op, 5370.00 ns, 1.3110 ns/op
OverheadWarmup   3: 4096 op, 5290.00 ns, 1.2915 ns/op
OverheadWarmup   4: 4096 op, 5330.00 ns, 1.3013 ns/op
OverheadWarmup   5: 4096 op, 5310.00 ns, 1.2964 ns/op
OverheadWarmup   6: 4096 op, 5230.00 ns, 1.2769 ns/op
OverheadWarmup   7: 4096 op, 5260.00 ns, 1.2842 ns/op
OverheadWarmup   8: 4096 op, 5260.00 ns, 1.2842 ns/op

OverheadActual   1: 4096 op, 5380.00 ns, 1.3135 ns/op
OverheadActual   2: 4096 op, 5360.00 ns, 1.3086 ns/op
OverheadActual   3: 4096 op, 5450.00 ns, 1.3306 ns/op
OverheadActual   4: 4096 op, 5430.00 ns, 1.3257 ns/op
OverheadActual   5: 4096 op, 7599.00 ns, 1.8552 ns/op
OverheadActual   6: 4096 op, 5280.00 ns, 1.2891 ns/op
OverheadActual   7: 4096 op, 5400.00 ns, 1.3184 ns/op
OverheadActual   8: 4096 op, 5330.00 ns, 1.3013 ns/op
OverheadActual   9: 4096 op, 7020.00 ns, 1.7139 ns/op
OverheadActual  10: 4096 op, 5290.00 ns, 1.2915 ns/op
OverheadActual  11: 4096 op, 5300.00 ns, 1.2939 ns/op
OverheadActual  12: 4096 op, 5349.00 ns, 1.3059 ns/op
OverheadActual  13: 4096 op, 5310.00 ns, 1.2964 ns/op
OverheadActual  14: 4096 op, 5460.00 ns, 1.3330 ns/op
OverheadActual  15: 4096 op, 5320.00 ns, 1.2988 ns/op

WorkloadWarmup   1: 4096 op, 652343093.00 ns, 159.2635 us/op
WorkloadWarmup   2: 4096 op, 690072146.00 ns, 168.4746 us/op
WorkloadWarmup   3: 4096 op, 647953172.00 ns, 158.1917 us/op

// BeforeActualRun
WorkloadActual   1: 4096 op, 650817587.00 ns, 158.8910 us/op
WorkloadActual   2: 4096 op, 651041632.00 ns, 158.9457 us/op
WorkloadActual   3: 4096 op, 700521968.00 ns, 171.0259 us/op

// AfterActualRun
WorkloadResult   1: 4096 op, 650812227.00 ns, 158.8897 us/op
WorkloadResult   2: 4096 op, 651036272.00 ns, 158.9444 us/op
WorkloadResult   3: 4096 op, 700516608.00 ns, 171.0246 us/op
// GC:  0 0 0 0 4096
// Threading:  0 0 4096

// AfterAll
// Benchmark Process 187072 has exited with code 0.

Mean = 162.953 μs, StdErr = 4.036 μs (2.48%), N = 3, StdDev = 6.990 μs
Min = 158.890 μs, Q1 = 158.917 μs, Median = 158.944 μs, Q3 = 164.984 μs, Max = 171.025 μs
IQR = 6.067 μs, LowerFence = 149.816 μs, UpperFence = 174.086 μs
ConfidenceInterval = [35.423 μs; 290.482 μs] (CI 99.9%), Margin = 127.530 μs (78.26% of Mean)
Skewness = 0.38, Kurtosis = 0.67, MValue = 2

// ** Remained 21 (87.5%) benchmark(s) to run. Estimated finish 2026-10-01 17:59 (0h 2m from now) **
// **************************
// Benchmark: TickBenchmarks.FieldPipeline: ShortRun(IterationCount=3, LaunchCount=1, WarmupCount=3) [StampCount=256, Extent=256, Decay=False]
// *** Execute ***
// Launch: 1 / 1
// Execute: dotnet GiBenchmarks-Jit-1.dll --anonymousPipes 124 125 --benchmarkName "Benchmarks.TickBenchmarks.FieldPipeline(StampCount: 256, Extent: 256, Decay: False)" --job ShortRun --benchmarkId 3 in /home/os/GitHub/grid-influence/benchmarks/bin/Release/net10.0/GiBenchmarks-Jit-1/bin/Release/net10.0
// Failed to set up high priority (Permission denied). In order to run benchmarks with high priority, make sure you have the right permissions.
// BeforeAnythingElse

// Benchmark Process Environment Information:
// BenchmarkDotNet v0.15.8
// Runtime=.NET 10.0.12 (10.0.12, 10.0.1226.42308), X64 RyuJIT x86-64-v4
// GC=Concurrent Workstation
// HardwareIntrinsics=AVX512 BITALG+VBMI2+VNNI+VPOPCNTDQ,AVX512 IFMA+VBMI,AVX512 F+BW+CD+DQ+VL,AVX2+BMI1+BMI2+F16C+FMA+LZCNT+MOVBE,AVX,SSE3+SSSE3+SSE4.1+SSE4.2+POPCNT,X86Base+SSE+SSE2,AES+PCLMUL VectorSize=256
// Job: ShortRun(IterationCount=3, LaunchCount=1, WarmupCount=3)

OverheadJitting  1: 1 op, 121068.00 ns, 121.0680 us/op
WorkloadJitting  1: 1 op, 8983266.00 ns, 8.9833 ms/op

OverheadJitting  2: 16 op, 229145.00 ns, 14.3216 us/op
WorkloadJitting  2: 16 op, 32238078.00 ns, 2.0149 ms/op

WorkloadPilot    1: 16 op, 34684133.00 ns, 2.1678 ms/op
WorkloadPilot    2: 32 op, 59482349.00 ns, 1.8588 ms/op
WorkloadPilot    3: 64 op, 98321287.00 ns, 1.5363 ms/op
WorkloadPilot    4: 128 op, 28247409.00 ns, 220.6829 us/op
WorkloadPilot    5: 256 op, 48489189.00 ns, 189.4109 us/op
WorkloadPilot    6: 512 op, 96193115.00 ns, 187.8772 us/op
WorkloadPilot    7: 1024 op, 189875067.00 ns, 185.4249 us/op
WorkloadPilot    8: 2048 op, 383728644.00 ns, 187.3675 us/op
WorkloadPilot    9: 4096 op, 754410405.00 ns, 184.1822 us/op

OverheadWarmup   1: 4096 op, 10000.00 ns, 2.4414 ns/op
OverheadWarmup   2: 4096 op, 5329.00 ns, 1.3010 ns/op
OverheadWarmup   3: 4096 op, 5339.00 ns, 1.3035 ns/op
OverheadWarmup   4: 4096 op, 5349.00 ns, 1.3059 ns/op
OverheadWarmup   5: 4096 op, 5320.00 ns, 1.2988 ns/op
OverheadWarmup   6: 4096 op, 5270.00 ns, 1.2866 ns/op
OverheadWarmup   7: 4096 op, 5419.00 ns, 1.3230 ns/op
OverheadWarmup   8: 4096 op, 5340.00 ns, 1.3037 ns/op

OverheadActual   1: 4096 op, 5400.00 ns, 1.3184 ns/op
OverheadActual   2: 4096 op, 5399.00 ns, 1.3181 ns/op
OverheadActual   3: 4096 op, 5480.00 ns, 1.3379 ns/op
OverheadActual   4: 4096 op, 5330.00 ns, 1.3013 ns/op
OverheadActual   5: 4096 op, 5339.00 ns, 1.3035 ns/op
OverheadActual   6: 4096 op, 5390.00 ns, 1.3159 ns/op
OverheadActual   7: 4096 op, 5360.00 ns, 1.3086 ns/op
OverheadActual   8: 4096 op, 5340.00 ns, 1.3037 ns/op
OverheadActual   9: 4096 op, 6360.00 ns, 1.5527 ns/op
OverheadActual  10: 4096 op, 7459.00 ns, 1.8210 ns/op
OverheadActual  11: 4096 op, 5340.00 ns, 1.3037 ns/op
OverheadActual  12: 4096 op, 6010.00 ns, 1.4673 ns/op
OverheadActual  13: 4096 op, 5480.00 ns, 1.3379 ns/op
OverheadActual  14: 4096 op, 5350.00 ns, 1.3062 ns/op
OverheadActual  15: 4096 op, 5350.00 ns, 1.3062 ns/op

WorkloadWarmup   1: 4096 op, 785297253.00 ns, 191.7230 us/op
WorkloadWarmup   2: 4096 op, 746930754.00 ns, 182.3561 us/op
WorkloadWarmup   3: 4096 op, 750106693.00 ns, 183.1315 us/op

// BeforeActualRun
WorkloadActual   1: 4096 op, 749835529.00 ns, 183.0653 us/op
WorkloadActual   2: 4096 op, 745970216.00 ns, 182.1216 us/op
WorkloadActual   3: 4096 op, 762352814.00 ns, 186.1213 us/op

// AfterActualRun
WorkloadResult   1: 4096 op, 749830139.00 ns, 183.0640 us/op
WorkloadResult   2: 4096 op, 745964826.00 ns, 182.1203 us/op
WorkloadResult   3: 4096 op, 762347424.00 ns, 186.1200 us/op
// GC:  0 0 0 0 4096
// Threading:  0 0 4096

// AfterAll
// Benchmark Process 187152 has exited with code 0.

Mean = 183.768 μs, StdErr = 1.207 μs (0.66%), N = 3, StdDev = 2.091 μs
Min = 182.120 μs, Q1 = 182.592 μs, Median = 183.064 μs, Q3 = 184.592 μs, Max = 186.120 μs
IQR = 2.000 μs, LowerFence = 179.592 μs, UpperFence = 187.592 μs
ConfidenceInterval = [145.625 μs; 221.911 μs] (CI 99.9%), Margin = 38.143 μs (20.76% of Mean)
Skewness = 0.3, Kurtosis = 0.67, MValue = 2

// ** Remained 20 (83.3%) benchmark(s) to run. Estimated finish 2026-10-01 17:59 (0h 2m from now) **
// **************************
// Benchmark: TickBenchmarks.NaiveScatter: Jit(IterationCount=10, IterationTime=250ms, WarmupCount=8) [StampCount=256, Extent=256, Decay=True]
// *** Execute ***
// Launch: 1 / 1
// Execute: dotnet GiBenchmarks-Jit-1.dll --anonymousPipes 124 125 --benchmarkName "Benchmarks.TickBenchmarks.NaiveScatter(StampCount: 256, Extent: 256, Decay: True)" --job Jit --benchmarkId 4 in /home/os/GitHub/grid-influence/benchmarks/bin/Release/net10.0/GiBenchmarks-Jit-1/bin/Release/net10.0
// Failed to set up high priority (Permission denied). In order to run benchmarks with high priority, make sure you have the right permissions.
// BeforeAnythingElse

// Benchmark Process Environment Information:
// BenchmarkDotNet v0.15.8
// Runtime=.NET 10.0.12 (10.0.12, 10.0.1226.42308), X64 RyuJIT x86-64-v4
// GC=Concurrent Workstation
// HardwareIntrinsics=AVX512 BITALG+VBMI2+VNNI+VPOPCNTDQ,AVX512 IFMA+VBMI,AVX512 F+BW+CD+DQ+VL,AVX2+BMI1+BMI2+F16C+FMA+LZCNT+MOVBE,AVX,SSE3+SSSE3+SSE4.1+SSE4.2+POPCNT,X86Base+SSE+SSE2,AES+PCLMUL VectorSize=256
// Job: Jit(IterationCount=10, IterationTime=250ms, WarmupCount=8)

OverheadJitting  1: 1 op, 138637.00 ns, 138.6370 us/op
WorkloadJitting  1: 1 op, 5701880.00 ns, 5.7019 ms/op

OverheadJitting  2: 16 op, 237334.00 ns, 14.8334 us/op
WorkloadJitting  2: 16 op, 60872128.00 ns, 3.8045 ms/op

WorkloadPilot    1: 16 op, 50445744.00 ns, 3.1529 ms/op
WorkloadPilot    2: 80 op, 197913414.00 ns, 2.4739 ms/op
WorkloadPilot    3: 112 op, 213969800.00 ns, 1.9104 ms/op
WorkloadPilot    4: 144 op, 265773033.00 ns, 1.8456 ms/op

OverheadWarmup   1: 144 op, 1740.00 ns, 12.0833 ns/op
OverheadWarmup   2: 144 op, 360.00 ns, 2.5000 ns/op
OverheadWarmup   3: 144 op, 340.00 ns, 2.3611 ns/op
OverheadWarmup   4: 144 op, 320.00 ns, 2.2222 ns/op
OverheadWarmup   5: 144 op, 380.00 ns, 2.6389 ns/op
OverheadWarmup   6: 144 op, 360.00 ns, 2.5000 ns/op
OverheadWarmup   7: 144 op, 349.00 ns, 2.4236 ns/op
OverheadWarmup   8: 144 op, 360.00 ns, 2.5000 ns/op
OverheadWarmup   9: 144 op, 370.00 ns, 2.5694 ns/op
OverheadWarmup  10: 144 op, 310.00 ns, 2.1528 ns/op

OverheadActual   1: 144 op, 420.00 ns, 2.9167 ns/op
OverheadActual   2: 144 op, 510.00 ns, 3.5417 ns/op
OverheadActual   3: 144 op, 430.00 ns, 2.9861 ns/op
OverheadActual   4: 144 op, 420.00 ns, 2.9167 ns/op
OverheadActual   5: 144 op, 430.00 ns, 2.9861 ns/op
OverheadActual   6: 144 op, 340.00 ns, 2.3611 ns/op
OverheadActual   7: 144 op, 310.00 ns, 2.1528 ns/op
OverheadActual   8: 144 op, 350.00 ns, 2.4306 ns/op
OverheadActual   9: 144 op, 320.00 ns, 2.2222 ns/op
OverheadActual  10: 144 op, 290.00 ns, 2.0139 ns/op
OverheadActual  11: 144 op, 310.00 ns, 2.1528 ns/op
OverheadActual  12: 144 op, 360.00 ns, 2.5000 ns/op
OverheadActual  13: 144 op, 380.00 ns, 2.6389 ns/op
OverheadActual  14: 144 op, 370.00 ns, 2.5694 ns/op
OverheadActual  15: 144 op, 370.00 ns, 2.5694 ns/op
OverheadActual  16: 144 op, 360.00 ns, 2.5000 ns/op
OverheadActual  17: 144 op, 380.00 ns, 2.6389 ns/op
OverheadActual  18: 144 op, 420.00 ns, 2.9167 ns/op
OverheadActual  19: 144 op, 370.00 ns, 2.5694 ns/op
OverheadActual  20: 144 op, 370.00 ns, 2.5694 ns/op

WorkloadWarmup   1: 144 op, 272139699.00 ns, 1.8899 ms/op
WorkloadWarmup   2: 144 op, 270078495.00 ns, 1.8755 ms/op
WorkloadWarmup   3: 144 op, 270269831.00 ns, 1.8769 ms/op
WorkloadWarmup   4: 144 op, 279603579.00 ns, 1.9417 ms/op
WorkloadWarmup   5: 144 op, 268230247.00 ns, 1.8627 ms/op
WorkloadWarmup   6: 144 op, 267226920.00 ns, 1.8557 ms/op
WorkloadWarmup   7: 144 op, 265224506.00 ns, 1.8418 ms/op
WorkloadWarmup   8: 144 op, 264138610.00 ns, 1.8343 ms/op

// BeforeActualRun
WorkloadActual   1: 144 op, 264255398.00 ns, 1.8351 ms/op
WorkloadActual   2: 144 op, 270742231.00 ns, 1.8802 ms/op
WorkloadActual   3: 144 op, 272299516.00 ns, 1.8910 ms/op
WorkloadActual   4: 144 op, 264016043.00 ns, 1.8334 ms/op
WorkloadActual   5: 144 op, 264010313.00 ns, 1.8334 ms/op
WorkloadActual   6: 144 op, 270032037.00 ns, 1.8752 ms/op
WorkloadActual   7: 144 op, 265297034.00 ns, 1.8423 ms/op
WorkloadActual   8: 144 op, 265181257.00 ns, 1.8415 ms/op
WorkloadActual   9: 144 op, 264010913.00 ns, 1.8334 ms/op
WorkloadActual  10: 144 op, 263965184.00 ns, 1.8331 ms/op

// AfterActualRun
WorkloadResult   1: 144 op, 264255028.00 ns, 1.8351 ms/op
WorkloadResult   2: 144 op, 270741861.00 ns, 1.8802 ms/op
WorkloadResult   3: 144 op, 272299146.00 ns, 1.8910 ms/op
WorkloadResult   4: 144 op, 264015673.00 ns, 1.8334 ms/op
WorkloadResult   5: 144 op, 264009943.00 ns, 1.8334 ms/op
WorkloadResult   6: 144 op, 270031667.00 ns, 1.8752 ms/op
WorkloadResult   7: 144 op, 265296664.00 ns, 1.8423 ms/op
WorkloadResult   8: 144 op, 265180887.00 ns, 1.8415 ms/op
WorkloadResult   9: 144 op, 264010543.00 ns, 1.8334 ms/op
WorkloadResult  10: 144 op, 263964814.00 ns, 1.8331 ms/op
// GC:  0 0 0 0 144
// Threading:  0 0 144

// AfterAll
// Benchmark Process 187204 has exited with code 0.

Mean = 1.850 ms, StdErr = 0.007 ms (0.39%), N = 10, StdDev = 0.023 ms
Min = 1.833 ms, Q1 = 1.833 ms, Median = 1.838 ms, Q3 = 1.867 ms, Max = 1.891 ms
IQR = 0.034 ms, LowerFence = 1.783 ms, UpperFence = 1.917 ms
ConfidenceInterval = [1.815 ms; 1.884 ms] (CI 99.9%), Margin = 0.034 ms (1.86% of Mean)
Skewness = 0.77, Kurtosis = 1.65, MValue = 2

// ** Remained 19 (79.2%) benchmark(s) to run. Estimated finish 2026-10-01 17:59 (0h 2m from now) **
// **************************
// Benchmark: TickBenchmarks.FieldPipeline: Jit(IterationCount=10, IterationTime=250ms, WarmupCount=8) [StampCount=256, Extent=256, Decay=True]
// *** Execute ***
// Launch: 1 / 1
// Execute: dotnet GiBenchmarks-Jit-1.dll --anonymousPipes 124 125 --benchmarkName "Benchmarks.TickBenchmarks.FieldPipeline(StampCount: 256, Extent: 256, Decay: True)" --job Jit --benchmarkId 5 in /home/os/GitHub/grid-influence/benchmarks/bin/Release/net10.0/GiBenchmarks-Jit-1/bin/Release/net10.0
// Failed to set up high priority (Permission denied). In order to run benchmarks with high priority, make sure you have the right permissions.
// BeforeAnythingElse

// Benchmark Process Environment Information:
// BenchmarkDotNet v0.15.8
// Runtime=.NET 10.0.12 (10.0.12, 10.0.1226.42308), X64 RyuJIT x86-64-v4
// GC=Concurrent Workstation
// HardwareIntrinsics=AVX512 BITALG+VBMI2+VNNI+VPOPCNTDQ,AVX512 IFMA+VBMI,AVX512 F+BW+CD+DQ+VL,AVX2+BMI1+BMI2+F16C+FMA+LZCNT+MOVBE,AVX,SSE3+SSSE3+SSE4.1+SSE4.2+POPCNT,X86Base+SSE+SSE2,AES+PCLMUL VectorSize=256
// Job: Jit(IterationCount=10, IterationTime=250ms, WarmupCount=8)

OverheadJitting  1: 1 op, 176956.00 ns, 176.9560 us/op
WorkloadJitting  1: 1 op, 21626859.00 ns, 21.6269 ms/op

WorkloadPilot    1: 4 op, 17574211.00 ns, 4.3936 ms/op
WorkloadPilot    2: 57 op, 221378872.00 ns, 3.8838 ms/op
WorkloadPilot    3: 64 op, 40282335.00 ns, 629.4115 us/op
WorkloadPilot    4: 397 op, 156454307.00 ns, 394.0915 us/op
WorkloadPilot    5: 634 op, 232627096.00 ns, 366.9197 us/op
WorkloadPilot    6: 681 op, 248345379.00 ns, 364.6775 us/op
WorkloadPilot    7: 686 op, 248360648.00 ns, 362.0418 us/op
WorkloadPilot    8: 691 op, 252571513.00 ns, 365.5159 us/op
WorkloadPilot    9: 684 op, 258263114.00 ns, 377.5777 us/op
WorkloadPilot   10: 662 op, 240107537.00 ns, 362.7002 us/op
WorkloadPilot   11: 689 op, 249659620.00 ns, 362.3507 us/op

WorkloadWarmup   1: 689 op, 245251730.00 ns, 355.9532 us/op
WorkloadWarmup   2: 689 op, 245698620.00 ns, 356.6018 us/op
WorkloadWarmup   3: 689 op, 245870205.00 ns, 356.8508 us/op
WorkloadWarmup   4: 689 op, 304866545.00 ns, 442.4768 us/op
WorkloadWarmup   5: 689 op, 316625908.00 ns, 459.5441 us/op
WorkloadWarmup   6: 689 op, 273485698.00 ns, 396.9313 us/op
WorkloadWarmup   7: 689 op, 248244552.00 ns, 360.2969 us/op
WorkloadWarmup   8: 689 op, 275706418.00 ns, 400.1545 us/op

// BeforeActualRun
WorkloadActual   1: 689 op, 283855453.00 ns, 411.9818 us/op
WorkloadActual   2: 689 op, 274777759.00 ns, 398.8066 us/op
WorkloadActual   3: 689 op, 264925373.00 ns, 384.5071 us/op
WorkloadActual   4: 689 op, 245756868.00 ns, 356.6863 us/op
WorkloadActual   5: 689 op, 252890096.00 ns, 367.0393 us/op
WorkloadActual   6: 689 op, 250120599.00 ns, 363.0197 us/op
WorkloadActual   7: 689 op, 247310693.00 ns, 358.9415 us/op
WorkloadActual   8: 689 op, 242418074.00 ns, 351.8405 us/op
WorkloadActual   9: 689 op, 243440031.00 ns, 353.3237 us/op
WorkloadActual  10: 689 op, 241333708.00 ns, 350.2666 us/op

// AfterActualRun
WorkloadResult   1: 689 op, 283855453.00 ns, 411.9818 us/op
WorkloadResult   2: 689 op, 274777759.00 ns, 398.8066 us/op
WorkloadResult   3: 689 op, 264925373.00 ns, 384.5071 us/op
WorkloadResult   4: 689 op, 245756868.00 ns, 356.6863 us/op
WorkloadResult   5: 689 op, 252890096.00 ns, 367.0393 us/op
WorkloadResult   6: 689 op, 250120599.00 ns, 363.0197 us/op
WorkloadResult   7: 689 op, 247310693.00 ns, 358.9415 us/op
WorkloadResult   8: 689 op, 242418074.00 ns, 351.8405 us/op
WorkloadResult   9: 689 op, 243440031.00 ns, 353.3237 us/op
WorkloadResult  10: 689 op, 241333708.00 ns, 350.2666 us/op
// GC:  0 0 0 0 689
// Threading:  0 0 689

// AfterAll
// Benchmark Process 187253 has exited with code 0.

Mean = 369.641 μs, StdErr = 6.795 μs (1.84%), N = 10, StdDev = 21.488 μs
Min = 350.267 μs, Q1 = 354.164 μs, Median = 360.981 μs, Q3 = 380.140 μs, Max = 411.982 μs
IQR = 25.976 μs, LowerFence = 315.201 μs, UpperFence = 419.104 μs
ConfidenceInterval = [337.154 μs; 402.129 μs] (CI 99.9%), Margin = 32.487 μs (8.79% of Mean)
Skewness = 0.84, Kurtosis = 2.04, MValue = 2.29

// ** Remained 18 (75.0%) benchmark(s) to run. Estimated finish 2026-10-01 17:59 (0h 1m from now) **
// **************************
// Benchmark: TickBenchmarks.NaiveScatter: ShortRun(IterationCount=3, LaunchCount=1, WarmupCount=3) [StampCount=256, Extent=256, Decay=True]
// *** Execute ***
// Launch: 1 / 1
// Execute: dotnet GiBenchmarks-Jit-1.dll --anonymousPipes 124 125 --benchmarkName "Benchmarks.TickBenchmarks.NaiveScatter(StampCount: 256, Extent: 256, Decay: True)" --job ShortRun --benchmarkId 6 in /home/os/GitHub/grid-influence/benchmarks/bin/Release/net10.0/GiBenchmarks-Jit-1/bin/Release/net10.0
// Failed to set up high priority (Permission denied). In order to run benchmarks with high priority, make sure you have the right permissions.
// BeforeAnythingElse

// Benchmark Process Environment Information:
// BenchmarkDotNet v0.15.8
// Runtime=.NET 10.0.12 (10.0.12, 10.0.1226.42308), X64 RyuJIT x86-64-v4
// GC=Concurrent Workstation
// HardwareIntrinsics=AVX512 BITALG+VBMI2+VNNI+VPOPCNTDQ,AVX512 IFMA+VBMI,AVX512 F+BW+CD+DQ+VL,AVX2+BMI1+BMI2+F16C+FMA+LZCNT+MOVBE,AVX,SSE3+SSSE3+SSE4.1+SSE4.2+POPCNT,X86Base+SSE+SSE2,AES+PCLMUL VectorSize=256
// Job: ShortRun(IterationCount=3, LaunchCount=1, WarmupCount=3)

OverheadJitting  1: 1 op, 135637.00 ns, 135.6370 us/op
WorkloadJitting  1: 1 op, 5693630.00 ns, 5.6936 ms/op

OverheadJitting  2: 16 op, 445610.00 ns, 27.8506 us/op
WorkloadJitting  2: 16 op, 53150303.00 ns, 3.3219 ms/op

WorkloadPilot    1: 16 op, 66235845.00 ns, 4.1397 ms/op
WorkloadPilot    2: 32 op, 115920587.00 ns, 3.6225 ms/op
WorkloadPilot    3: 64 op, 151324553.00 ns, 2.3644 ms/op
WorkloadPilot    4: 128 op, 239021071.00 ns, 1.8674 ms/op
WorkloadPilot    5: 256 op, 482875143.00 ns, 1.8862 ms/op
WorkloadPilot    6: 512 op, 962714543.00 ns, 1.8803 ms/op

OverheadWarmup   1: 512 op, 2510.00 ns, 4.9023 ns/op
OverheadWarmup   2: 512 op, 980.00 ns, 1.9141 ns/op
OverheadWarmup   3: 512 op, 900.00 ns, 1.7578 ns/op
OverheadWarmup   4: 512 op, 920.00 ns, 1.7969 ns/op
OverheadWarmup   5: 512 op, 960.00 ns, 1.8750 ns/op
OverheadWarmup   6: 512 op, 909.00 ns, 1.7754 ns/op
OverheadWarmup   7: 512 op, 910.00 ns, 1.7773 ns/op
OverheadWarmup   8: 512 op, 910.00 ns, 1.7773 ns/op

OverheadActual   1: 512 op, 900.00 ns, 1.7578 ns/op
OverheadActual   2: 512 op, 910.00 ns, 1.7773 ns/op
OverheadActual   3: 512 op, 890.00 ns, 1.7383 ns/op
OverheadActual   4: 512 op, 870.00 ns, 1.6992 ns/op
OverheadActual   5: 512 op, 890.00 ns, 1.7383 ns/op
OverheadActual   6: 512 op, 850.00 ns, 1.6602 ns/op
OverheadActual   7: 512 op, 830.00 ns, 1.6211 ns/op
OverheadActual   8: 512 op, 820.00 ns, 1.6016 ns/op
OverheadActual   9: 512 op, 810.00 ns, 1.5820 ns/op
OverheadActual  10: 512 op, 810.00 ns, 1.5820 ns/op
OverheadActual  11: 512 op, 840.00 ns, 1.6406 ns/op
OverheadActual  12: 512 op, 840.00 ns, 1.6406 ns/op
OverheadActual  13: 512 op, 820.00 ns, 1.6016 ns/op
OverheadActual  14: 512 op, 840.00 ns, 1.6406 ns/op
OverheadActual  15: 512 op, 840.00 ns, 1.6406 ns/op

WorkloadWarmup   1: 512 op, 970064477.00 ns, 1.8947 ms/op
WorkloadWarmup   2: 512 op, 961191688.00 ns, 1.8773 ms/op
WorkloadWarmup   3: 512 op, 956569823.00 ns, 1.8683 ms/op

// BeforeActualRun
WorkloadActual   1: 512 op, 988035528.00 ns, 1.9298 ms/op
WorkloadActual   2: 512 op, 960507353.00 ns, 1.8760 ms/op
WorkloadActual   3: 512 op, 951435759.00 ns, 1.8583 ms/op

// AfterActualRun
WorkloadResult   1: 512 op, 988034688.00 ns, 1.9298 ms/op
WorkloadResult   2: 512 op, 960506513.00 ns, 1.8760 ms/op
WorkloadResult   3: 512 op, 951434919.00 ns, 1.8583 ms/op
// GC:  0 0 0 0 512
// Threading:  0 0 512

// AfterAll
// Benchmark Process 187420 has exited with code 0.

Mean = 1.888 ms, StdErr = 0.021 ms (1.14%), N = 3, StdDev = 0.037 ms
Min = 1.858 ms, Q1 = 1.867 ms, Median = 1.876 ms, Q3 = 1.903 ms, Max = 1.930 ms
IQR = 0.036 ms, LowerFence = 1.814 ms, UpperFence = 1.956 ms
ConfidenceInterval = [1.209 ms; 2.567 ms] (CI 99.9%), Margin = 0.679 ms (35.97% of Mean)
Skewness = 0.29, Kurtosis = 0.67, MValue = 2

// ** Remained 17 (70.8%) benchmark(s) to run. Estimated finish 2026-10-01 17:59 (0h 1m from now) **
// **************************
// Benchmark: TickBenchmarks.FieldPipeline: ShortRun(IterationCount=3, LaunchCount=1, WarmupCount=3) [StampCount=256, Extent=256, Decay=True]
// *** Execute ***
// Launch: 1 / 1
// Execute: dotnet GiBenchmarks-Jit-1.dll --anonymousPipes 124 125 --benchmarkName "Benchmarks.TickBenchmarks.FieldPipeline(StampCount: 256, Extent: 256, Decay: True)" --job ShortRun --benchmarkId 7 in /home/os/GitHub/grid-influence/benchmarks/bin/Release/net10.0/GiBenchmarks-Jit-1/bin/Release/net10.0
// Failed to set up high priority (Permission denied). In order to run benchmarks with high priority, make sure you have the right permissions.
// BeforeAnythingElse

// Benchmark Process Environment Information:
// BenchmarkDotNet v0.15.8
// Runtime=.NET 10.0.12 (10.0.12, 10.0.1226.42308), X64 RyuJIT x86-64-v4
// GC=Concurrent Workstation
// HardwareIntrinsics=AVX512 BITALG+VBMI2+VNNI+VPOPCNTDQ,AVX512 IFMA+VBMI,AVX512 F+BW+CD+DQ+VL,AVX2+BMI1+BMI2+F16C+FMA+LZCNT+MOVBE,AVX,SSE3+SSSE3+SSE4.1+SSE4.2+POPCNT,X86Base+SSE+SSE2,AES+PCLMUL VectorSize=256
// Job: ShortRun(IterationCount=3, LaunchCount=1, WarmupCount=3)

OverheadJitting  1: 1 op, 128237.00 ns, 128.2370 us/op
WorkloadJitting  1: 1 op, 13405306.00 ns, 13.4053 ms/op

OverheadJitting  2: 16 op, 322722.00 ns, 20.1701 us/op
WorkloadJitting  2: 16 op, 62004692.00 ns, 3.8753 ms/op

WorkloadPilot    1: 16 op, 63849819.00 ns, 3.9906 ms/op
WorkloadPilot    2: 32 op, 129423291.00 ns, 4.0445 ms/op
WorkloadPilot    3: 64 op, 110969819.00 ns, 1.7339 ms/op
WorkloadPilot    4: 128 op, 51254786.00 ns, 400.4280 us/op
WorkloadPilot    5: 256 op, 90008736.00 ns, 351.5966 us/op
WorkloadPilot    6: 512 op, 181268312.00 ns, 354.0397 us/op
WorkloadPilot    7: 1024 op, 365328422.00 ns, 356.7660 us/op
WorkloadPilot    8: 2048 op, 736072951.00 ns, 359.4106 us/op

OverheadWarmup   1: 2048 op, 4240.00 ns, 2.0703 ns/op
OverheadWarmup   2: 2048 op, 2829.00 ns, 1.3813 ns/op
OverheadWarmup   3: 2048 op, 2760.00 ns, 1.3477 ns/op
OverheadWarmup   4: 2048 op, 2770.00 ns, 1.3525 ns/op
OverheadWarmup   5: 2048 op, 2790.00 ns, 1.3623 ns/op
OverheadWarmup   6: 2048 op, 2760.00 ns, 1.3477 ns/op
OverheadWarmup   7: 2048 op, 2730.00 ns, 1.3330 ns/op
OverheadWarmup   8: 2048 op, 2750.00 ns, 1.3428 ns/op
OverheadWarmup   9: 2048 op, 2750.00 ns, 1.3428 ns/op

OverheadActual   1: 2048 op, 2860.00 ns, 1.3965 ns/op
OverheadActual   2: 2048 op, 2840.00 ns, 1.3867 ns/op
OverheadActual   3: 2048 op, 2890.00 ns, 1.4111 ns/op
OverheadActual   4: 2048 op, 2810.00 ns, 1.3721 ns/op
OverheadActual   5: 2048 op, 2850.00 ns, 1.3916 ns/op
OverheadActual   6: 2048 op, 2760.00 ns, 1.3477 ns/op
OverheadActual   7: 2048 op, 2760.00 ns, 1.3477 ns/op
OverheadActual   8: 2048 op, 2770.00 ns, 1.3525 ns/op
OverheadActual   9: 2048 op, 2770.00 ns, 1.3525 ns/op
OverheadActual  10: 2048 op, 2760.00 ns, 1.3477 ns/op
OverheadActual  11: 2048 op, 2780.00 ns, 1.3574 ns/op
OverheadActual  12: 2048 op, 2770.00 ns, 1.3525 ns/op
OverheadActual  13: 2048 op, 2770.00 ns, 1.3525 ns/op
OverheadActual  14: 2048 op, 2780.00 ns, 1.3574 ns/op
OverheadActual  15: 2048 op, 2770.00 ns, 1.3525 ns/op

WorkloadWarmup   1: 2048 op, 740633518.00 ns, 361.6375 us/op
WorkloadWarmup   2: 2048 op, 724977253.00 ns, 353.9928 us/op
WorkloadWarmup   3: 2048 op, 730020209.00 ns, 356.4552 us/op

// BeforeActualRun
WorkloadActual   1: 2048 op, 728659390.00 ns, 355.7907 us/op
WorkloadActual   2: 2048 op, 730414570.00 ns, 356.6477 us/op
WorkloadActual   3: 2048 op, 719230134.00 ns, 351.1866 us/op

// AfterActualRun
WorkloadResult   1: 2048 op, 728656620.00 ns, 355.7894 us/op
WorkloadResult   2: 2048 op, 730411800.00 ns, 356.6464 us/op
WorkloadResult   3: 2048 op, 719227364.00 ns, 351.1852 us/op
// GC:  0 0 0 0 2048
// Threading:  0 0 2048

// AfterAll
// Benchmark Process 187523 has exited with code 0.

Mean = 354.540 μs, StdErr = 1.696 μs (0.48%), N = 3, StdDev = 2.937 μs
Min = 351.185 μs, Q1 = 353.487 μs, Median = 355.789 μs, Q3 = 356.218 μs, Max = 356.646 μs
IQR = 2.731 μs, LowerFence = 349.391 μs, UpperFence = 360.314 μs
ConfidenceInterval = [300.958 μs; 408.123 μs] (CI 99.9%), Margin = 53.582 μs (15.11% of Mean)
Skewness = -0.35, Kurtosis = 0.67, MValue = 2

// ** Remained 16 (66.7%) benchmark(s) to run. Estimated finish 2026-10-01 17:59 (0h 1m from now) **
// **************************
// Benchmark: TickBenchmarks.NaiveScatter: Jit(IterationCount=10, IterationTime=250ms, WarmupCount=8) [StampCount=256, Extent=1024, Decay=False]
// *** Execute ***
// Launch: 1 / 1
// Execute: dotnet GiBenchmarks-Jit-1.dll --anonymousPipes 124 125 --benchmarkName "Benchmarks.TickBenchmarks.NaiveScatter(StampCount: 256, Extent: 1024, Decay: False)" --job Jit --benchmarkId 8 in /home/os/GitHub/grid-influence/benchmarks/bin/Release/net10.0/GiBenchmarks-Jit-1/bin/Release/net10.0
// Failed to set up high priority (Permission denied). In order to run benchmarks with high priority, make sure you have the right permissions.
// BeforeAnythingElse

// Benchmark Process Environment Information:
// BenchmarkDotNet v0.15.8
// Runtime=.NET 10.0.12 (10.0.12, 10.0.1226.42308), X64 RyuJIT x86-64-v4
// GC=Concurrent Workstation
// HardwareIntrinsics=AVX512 BITALG+VBMI2+VNNI+VPOPCNTDQ,AVX512 IFMA+VBMI,AVX512 F+BW+CD+DQ+VL,AVX2+BMI1+BMI2+F16C+FMA+LZCNT+MOVBE,AVX,SSE3+SSSE3+SSE4.1+SSE4.2+POPCNT,X86Base+SSE+SSE2,AES+PCLMUL VectorSize=256
// Job: Jit(IterationCount=10, IterationTime=250ms, WarmupCount=8)

OverheadJitting  1: 1 op, 117917.00 ns, 117.9170 us/op
WorkloadJitting  1: 1 op, 2413975.00 ns, 2.4140 ms/op

OverheadJitting  2: 16 op, 232585.00 ns, 14.5366 us/op
WorkloadJitting  2: 16 op, 22545728.00 ns, 1.4091 ms/op

WorkloadPilot    1: 16 op, 21257777.00 ns, 1.3286 ms/op
WorkloadPilot    2: 192 op, 205928153.00 ns, 1.0725 ms/op
WorkloadPilot    3: 240 op, 74378850.00 ns, 309.9119 us/op
WorkloadPilot    4: 816 op, 260617080.00 ns, 319.3837 us/op
WorkloadPilot    5: 784 op, 244920378.00 ns, 312.3984 us/op
WorkloadPilot    6: 800 op, 248685161.00 ns, 310.8565 us/op
WorkloadPilot    7: 816 op, 255845779.00 ns, 313.5365 us/op
WorkloadPilot    8: 800 op, 251364901.00 ns, 314.2061 us/op

OverheadWarmup   1: 800 op, 2560.00 ns, 3.2000 ns/op
OverheadWarmup   2: 800 op, 1380.00 ns, 1.7250 ns/op
OverheadWarmup   3: 800 op, 1331.00 ns, 1.6638 ns/op
OverheadWarmup   4: 800 op, 1340.00 ns, 1.6750 ns/op
OverheadWarmup   5: 800 op, 1380.00 ns, 1.7250 ns/op
OverheadWarmup   6: 800 op, 1330.00 ns, 1.6625 ns/op
OverheadWarmup   7: 800 op, 1330.00 ns, 1.6625 ns/op
OverheadWarmup   8: 800 op, 1320.00 ns, 1.6500 ns/op

OverheadActual   1: 800 op, 1320.00 ns, 1.6500 ns/op
OverheadActual   2: 800 op, 1350.00 ns, 1.6875 ns/op
OverheadActual   3: 800 op, 1270.00 ns, 1.5875 ns/op
OverheadActual   4: 800 op, 1280.00 ns, 1.6000 ns/op
OverheadActual   5: 800 op, 1260.00 ns, 1.5750 ns/op
OverheadActual   6: 800 op, 1220.00 ns, 1.5250 ns/op
OverheadActual   7: 800 op, 1190.00 ns, 1.4875 ns/op
OverheadActual   8: 800 op, 1180.00 ns, 1.4750 ns/op
OverheadActual   9: 800 op, 1190.00 ns, 1.4875 ns/op
OverheadActual  10: 800 op, 1210.00 ns, 1.5125 ns/op
OverheadActual  11: 800 op, 1190.00 ns, 1.4875 ns/op
OverheadActual  12: 800 op, 1229.00 ns, 1.5363 ns/op
OverheadActual  13: 800 op, 1230.00 ns, 1.5375 ns/op
OverheadActual  14: 800 op, 1870.00 ns, 2.3375 ns/op
OverheadActual  15: 800 op, 1190.00 ns, 1.4875 ns/op

WorkloadWarmup   1: 800 op, 248585173.00 ns, 310.7315 us/op
WorkloadWarmup   2: 800 op, 248650933.00 ns, 310.8137 us/op
WorkloadWarmup   3: 800 op, 254217066.00 ns, 317.7713 us/op
WorkloadWarmup   4: 800 op, 258699254.00 ns, 323.3741 us/op
WorkloadWarmup   5: 800 op, 251833830.00 ns, 314.7923 us/op
WorkloadWarmup   6: 800 op, 248672452.00 ns, 310.8406 us/op
WorkloadWarmup   7: 800 op, 254188406.00 ns, 317.7355 us/op
WorkloadWarmup   8: 800 op, 253572651.00 ns, 316.9658 us/op

// BeforeActualRun
WorkloadActual   1: 800 op, 246481032.00 ns, 308.1013 us/op
WorkloadActual   2: 800 op, 258703474.00 ns, 323.3793 us/op
WorkloadActual   3: 800 op, 247299863.00 ns, 309.1248 us/op
WorkloadActual   4: 800 op, 258201545.00 ns, 322.7519 us/op
WorkloadActual   5: 800 op, 270691522.00 ns, 338.3644 us/op
WorkloadActual   6: 800 op, 250570519.00 ns, 313.2131 us/op
WorkloadActual   7: 800 op, 249293358.00 ns, 311.6167 us/op
WorkloadActual   8: 800 op, 250727505.00 ns, 313.4094 us/op
WorkloadActual   9: 800 op, 259532876.00 ns, 324.4161 us/op
WorkloadActual  10: 800 op, 260939133.00 ns, 326.1739 us/op

// AfterActualRun
WorkloadResult   1: 800 op, 246479803.00 ns, 308.0998 us/op
WorkloadResult   2: 800 op, 258702245.00 ns, 323.3778 us/op
WorkloadResult   3: 800 op, 247298634.00 ns, 309.1233 us/op
WorkloadResult   4: 800 op, 258200316.00 ns, 322.7504 us/op
WorkloadResult   5: 800 op, 270690293.00 ns, 338.3629 us/op
WorkloadResult   6: 800 op, 250569290.00 ns, 313.2116 us/op
WorkloadResult   7: 800 op, 249292129.00 ns, 311.6152 us/op
WorkloadResult   8: 800 op, 250726276.00 ns, 313.4078 us/op
WorkloadResult   9: 800 op, 259531647.00 ns, 324.4146 us/op
WorkloadResult  10: 800 op, 260937904.00 ns, 326.1724 us/op
// GC:  0 0 0 0 800
// Threading:  0 0 800

// AfterAll
// Benchmark Process 187577 has exited with code 0.

Mean = 319.054 μs, StdErr = 3.027 μs (0.95%), N = 10, StdDev = 9.572 μs
Min = 308.100 μs, Q1 = 312.014 μs, Median = 318.079 μs, Q3 = 324.155 μs, Max = 338.363 μs
IQR = 12.141 μs, LowerFence = 293.803 μs, UpperFence = 342.367 μs
ConfidenceInterval = [304.582 μs; 333.525 μs] (CI 99.9%), Margin = 14.471 μs (4.54% of Mean)
Skewness = 0.54, Kurtosis = 2.05, MValue = 2

// ** Remained 15 (62.5%) benchmark(s) to run. Estimated finish 2026-10-01 17:59 (0h 1m from now) **
// **************************
// Benchmark: TickBenchmarks.FieldPipeline: Jit(IterationCount=10, IterationTime=250ms, WarmupCount=8) [StampCount=256, Extent=1024, Decay=False]
// *** Execute ***
// Launch: 1 / 1
// Execute: dotnet GiBenchmarks-Jit-1.dll --anonymousPipes 124 125 --benchmarkName "Benchmarks.TickBenchmarks.FieldPipeline(StampCount: 256, Extent: 1024, Decay: False)" --job Jit --benchmarkId 9 in /home/os/GitHub/grid-influence/benchmarks/bin/Release/net10.0/GiBenchmarks-Jit-1/bin/Release/net10.0
// Failed to set up high priority (Permission denied). In order to run benchmarks with high priority, make sure you have the right permissions.
// BeforeAnythingElse

// Benchmark Process Environment Information:
// BenchmarkDotNet v0.15.8
// Runtime=.NET 10.0.12 (10.0.12, 10.0.1226.42308), X64 RyuJIT x86-64-v4
// GC=Concurrent Workstation
// HardwareIntrinsics=AVX512 BITALG+VBMI2+VNNI+VPOPCNTDQ,AVX512 IFMA+VBMI,AVX512 F+BW+CD+DQ+VL,AVX2+BMI1+BMI2+F16C+FMA+LZCNT+MOVBE,AVX,SSE3+SSSE3+SSE4.1+SSE4.2+POPCNT,X86Base+SSE+SSE2,AES+PCLMUL VectorSize=256
// Job: Jit(IterationCount=10, IterationTime=250ms, WarmupCount=8)

OverheadJitting  1: 1 op, 135657.00 ns, 135.6570 us/op
WorkloadJitting  1: 1 op, 14859743.00 ns, 14.8597 ms/op

OverheadJitting  2: 16 op, 233744.00 ns, 14.6090 us/op
WorkloadJitting  2: 16 op, 110662096.00 ns, 6.9164 ms/op

WorkloadPilot    1: 16 op, 92154967.00 ns, 5.7597 ms/op
WorkloadPilot    2: 48 op, 151381962.00 ns, 3.1538 ms/op
WorkloadPilot    3: 80 op, 41844880.00 ns, 523.0610 us/op
WorkloadPilot    4: 480 op, 247735613.00 ns, 516.1159 us/op
WorkloadPilot    5: 496 op, 256663660.00 ns, 517.4671 us/op

OverheadWarmup   1: 496 op, 2070.00 ns, 4.1734 ns/op
OverheadWarmup   2: 496 op, 840.00 ns, 1.6935 ns/op
OverheadWarmup   3: 496 op, 771.00 ns, 1.5544 ns/op
OverheadWarmup   4: 496 op, 780.00 ns, 1.5726 ns/op
OverheadWarmup   5: 496 op, 830.00 ns, 1.6734 ns/op
OverheadWarmup   6: 496 op, 791.00 ns, 1.5948 ns/op
OverheadWarmup   7: 496 op, 780.00 ns, 1.5726 ns/op
OverheadWarmup   8: 496 op, 820.00 ns, 1.6532 ns/op
OverheadWarmup   9: 496 op, 809.00 ns, 1.6310 ns/op

OverheadActual   1: 496 op, 880.00 ns, 1.7742 ns/op
OverheadActual   2: 496 op, 1780.00 ns, 3.5887 ns/op
OverheadActual   3: 496 op, 1369.00 ns, 2.7601 ns/op
OverheadActual   4: 496 op, 859.00 ns, 1.7319 ns/op
OverheadActual   5: 496 op, 870.00 ns, 1.7540 ns/op
OverheadActual   6: 496 op, 810.00 ns, 1.6331 ns/op
OverheadActual   7: 496 op, 810.00 ns, 1.6331 ns/op
OverheadActual   8: 496 op, 810.00 ns, 1.6331 ns/op
OverheadActual   9: 496 op, 1320.00 ns, 2.6613 ns/op
OverheadActual  10: 496 op, 800.00 ns, 1.6129 ns/op
OverheadActual  11: 496 op, 790.00 ns, 1.5927 ns/op
OverheadActual  12: 496 op, 790.00 ns, 1.5927 ns/op
OverheadActual  13: 496 op, 810.00 ns, 1.6331 ns/op
OverheadActual  14: 496 op, 820.00 ns, 1.6532 ns/op
OverheadActual  15: 496 op, 810.00 ns, 1.6331 ns/op

WorkloadWarmup   1: 496 op, 255921477.00 ns, 515.9707 us/op
WorkloadWarmup   2: 496 op, 252146263.00 ns, 508.3594 us/op
WorkloadWarmup   3: 496 op, 267566983.00 ns, 539.4496 us/op
WorkloadWarmup   4: 496 op, 265713364.00 ns, 535.7124 us/op
WorkloadWarmup   5: 496 op, 254862551.00 ns, 513.8358 us/op
WorkloadWarmup   6: 496 op, 251921918.00 ns, 507.9071 us/op
WorkloadWarmup   7: 496 op, 251607625.00 ns, 507.2734 us/op
WorkloadWarmup   8: 496 op, 251500848.00 ns, 507.0582 us/op

// BeforeActualRun
WorkloadActual   1: 496 op, 250182538.00 ns, 504.4003 us/op
WorkloadActual   2: 496 op, 250474742.00 ns, 504.9894 us/op
WorkloadActual   3: 496 op, 278633542.00 ns, 561.7612 us/op
WorkloadActual   4: 496 op, 269905650.00 ns, 544.1646 us/op
WorkloadActual   5: 496 op, 251444240.00 ns, 506.9440 us/op
WorkloadActual   6: 496 op, 249383126.00 ns, 502.7886 us/op
WorkloadActual   7: 496 op, 256283279.00 ns, 516.7002 us/op
WorkloadActual   8: 496 op, 254671736.00 ns, 513.4511 us/op
WorkloadActual   9: 496 op, 252033045.00 ns, 508.1311 us/op
WorkloadActual  10: 496 op, 248615284.00 ns, 501.2405 us/op

// AfterActualRun
WorkloadResult   1: 496 op, 250181728.00 ns, 504.3986 us/op
WorkloadResult   2: 496 op, 250473932.00 ns, 504.9878 us/op
WorkloadResult   3: 496 op, 251443430.00 ns, 506.9424 us/op
WorkloadResult   4: 496 op, 249382316.00 ns, 502.7869 us/op
WorkloadResult   5: 496 op, 256282469.00 ns, 516.6985 us/op
WorkloadResult   6: 496 op, 254670926.00 ns, 513.4494 us/op
WorkloadResult   7: 496 op, 252032235.00 ns, 508.1295 us/op
WorkloadResult   8: 496 op, 248614474.00 ns, 501.2389 us/op
// GC:  0 0 0 0 496
// Threading:  0 0 496

// AfterAll
// Benchmark Process 187646 has exited with code 0.

Mean = 507.329 μs, StdErr = 1.880 μs (0.37%), N = 8, StdDev = 5.316 μs
Min = 501.239 μs, Q1 = 503.996 μs, Median = 505.965 μs, Q3 = 509.459 μs, Max = 516.699 μs
IQR = 5.464 μs, LowerFence = 495.800 μs, UpperFence = 517.655 μs
ConfidenceInterval = [497.165 μs; 517.493 μs] (CI 99.9%), Margin = 10.164 μs (2.00% of Mean)
Skewness = 0.58, Kurtosis = 1.72, MValue = 2

// ** Remained 14 (58.3%) benchmark(s) to run. Estimated finish 2026-10-01 17:59 (0h 1m from now) **
// **************************
// Benchmark: TickBenchmarks.NaiveScatter: ShortRun(IterationCount=3, LaunchCount=1, WarmupCount=3) [StampCount=256, Extent=1024, Decay=False]
// *** Execute ***
// Launch: 1 / 1
// Execute: dotnet GiBenchmarks-Jit-1.dll --anonymousPipes 124 125 --benchmarkName "Benchmarks.TickBenchmarks.NaiveScatter(StampCount: 256, Extent: 1024, Decay: False)" --job ShortRun --benchmarkId 10 in /home/os/GitHub/grid-influence/benchmarks/bin/Release/net10.0/GiBenchmarks-Jit-1/bin/Release/net10.0
// Failed to set up high priority (Permission denied). In order to run benchmarks with high priority, make sure you have the right permissions.
// BeforeAnythingElse

// Benchmark Process Environment Information:
// BenchmarkDotNet v0.15.8
// Runtime=.NET 10.0.12 (10.0.12, 10.0.1226.42308), X64 RyuJIT x86-64-v4
// GC=Concurrent Workstation
// HardwareIntrinsics=AVX512 BITALG+VBMI2+VNNI+VPOPCNTDQ,AVX512 IFMA+VBMI,AVX512 F+BW+CD+DQ+VL,AVX2+BMI1+BMI2+F16C+FMA+LZCNT+MOVBE,AVX,SSE3+SSSE3+SSE4.1+SSE4.2+POPCNT,X86Base+SSE+SSE2,AES+PCLMUL VectorSize=256
// Job: ShortRun(IterationCount=3, LaunchCount=1, WarmupCount=3)

OverheadJitting  1: 1 op, 137617.00 ns, 137.6170 us/op
WorkloadJitting  1: 1 op, 2411485.00 ns, 2.4115 ms/op

OverheadJitting  2: 16 op, 446700.00 ns, 27.9188 us/op
WorkloadJitting  2: 16 op, 34724062.00 ns, 2.1703 ms/op

WorkloadPilot    1: 16 op, 28551142.00 ns, 1.7844 ms/op
WorkloadPilot    2: 32 op, 56398170.00 ns, 1.7624 ms/op
WorkloadPilot    3: 64 op, 92514459.00 ns, 1.4455 ms/op
WorkloadPilot    4: 128 op, 40391892.00 ns, 315.5617 us/op
WorkloadPilot    5: 256 op, 93487997.00 ns, 365.1875 us/op
WorkloadPilot    6: 512 op, 170655974.00 ns, 333.3124 us/op
WorkloadPilot    7: 1024 op, 322360088.00 ns, 314.8048 us/op
WorkloadPilot    8: 2048 op, 657012217.00 ns, 320.8067 us/op

OverheadWarmup   1: 2048 op, 4780.00 ns, 2.3340 ns/op
OverheadWarmup   2: 2048 op, 3190.00 ns, 1.5576 ns/op
OverheadWarmup   3: 2048 op, 3140.00 ns, 1.5332 ns/op
OverheadWarmup   4: 2048 op, 3090.00 ns, 1.5088 ns/op
OverheadWarmup   5: 2048 op, 3130.00 ns, 1.5283 ns/op
OverheadWarmup   6: 2048 op, 3089.00 ns, 1.5083 ns/op
OverheadWarmup   7: 2048 op, 3140.00 ns, 1.5332 ns/op
OverheadWarmup   8: 2048 op, 3080.00 ns, 1.5039 ns/op

OverheadActual   1: 2048 op, 2800.00 ns, 1.3672 ns/op
OverheadActual   2: 2048 op, 2810.00 ns, 1.3721 ns/op
OverheadActual   3: 2048 op, 2871.00 ns, 1.4019 ns/op
OverheadActual   4: 2048 op, 2780.00 ns, 1.3574 ns/op
OverheadActual   5: 2048 op, 2780.00 ns, 1.3574 ns/op
OverheadActual   6: 2048 op, 2710.00 ns, 1.3232 ns/op
OverheadActual   7: 2048 op, 2740.00 ns, 1.3379 ns/op
OverheadActual   8: 2048 op, 2780.00 ns, 1.3574 ns/op
OverheadActual   9: 2048 op, 2720.00 ns, 1.3281 ns/op
OverheadActual  10: 2048 op, 2740.00 ns, 1.3379 ns/op
OverheadActual  11: 2048 op, 2740.00 ns, 1.3379 ns/op
OverheadActual  12: 2048 op, 2810.00 ns, 1.3721 ns/op
OverheadActual  13: 2048 op, 2740.00 ns, 1.3379 ns/op
OverheadActual  14: 2048 op, 2720.00 ns, 1.3281 ns/op
OverheadActual  15: 2048 op, 2750.00 ns, 1.3428 ns/op

WorkloadWarmup   1: 2048 op, 657026507.00 ns, 320.8137 us/op
WorkloadWarmup   2: 2048 op, 670646028.00 ns, 327.4639 us/op
WorkloadWarmup   3: 2048 op, 661150953.00 ns, 322.8276 us/op

// BeforeActualRun
WorkloadActual   1: 2048 op, 670289126.00 ns, 327.2896 us/op
WorkloadActual   2: 2048 op, 652579108.00 ns, 318.6421 us/op
WorkloadActual   3: 2048 op, 652123768.00 ns, 318.4198 us/op

// AfterActualRun
WorkloadResult   1: 2048 op, 670286376.00 ns, 327.2883 us/op
WorkloadResult   2: 2048 op, 652576358.00 ns, 318.6408 us/op
WorkloadResult   3: 2048 op, 652121018.00 ns, 318.4185 us/op
// GC:  0 0 0 0 2048
// Threading:  0 0 2048

// AfterAll
// Benchmark Process 187791 has exited with code 0.

Mean = 321.449 μs, StdErr = 2.920 μs (0.91%), N = 3, StdDev = 5.058 μs
Min = 318.418 μs, Q1 = 318.530 μs, Median = 318.641 μs, Q3 = 322.965 μs, Max = 327.288 μs
IQR = 4.435 μs, LowerFence = 311.877 μs, UpperFence = 329.617 μs
ConfidenceInterval = [229.172 μs; 413.726 μs] (CI 99.9%), Margin = 92.277 μs (28.71% of Mean)
Skewness = 0.38, Kurtosis = 0.67, MValue = 2

// ** Remained 13 (54.2%) benchmark(s) to run. Estimated finish 2026-10-01 17:59 (0h 1m from now) **
// **************************
// Benchmark: TickBenchmarks.FieldPipeline: ShortRun(IterationCount=3, LaunchCount=1, WarmupCount=3) [StampCount=256, Extent=1024, Decay=False]
// *** Execute ***
// Launch: 1 / 1
// Execute: dotnet GiBenchmarks-Jit-1.dll --anonymousPipes 124 125 --benchmarkName "Benchmarks.TickBenchmarks.FieldPipeline(StampCount: 256, Extent: 1024, Decay: False)" --job ShortRun --benchmarkId 11 in /home/os/GitHub/grid-influence/benchmarks/bin/Release/net10.0/GiBenchmarks-Jit-1/bin/Release/net10.0
// Failed to set up high priority (Permission denied). In order to run benchmarks with high priority, make sure you have the right permissions.
// BeforeAnythingElse

// Benchmark Process Environment Information:
// BenchmarkDotNet v0.15.8
// Runtime=.NET 10.0.12 (10.0.12, 10.0.1226.42308), X64 RyuJIT x86-64-v4
// GC=Concurrent Workstation
// HardwareIntrinsics=AVX512 BITALG+VBMI2+VNNI+VPOPCNTDQ,AVX512 IFMA+VBMI,AVX512 F+BW+CD+DQ+VL,AVX2+BMI1+BMI2+F16C+FMA+LZCNT+MOVBE,AVX,SSE3+SSSE3+SSE4.1+SSE4.2+POPCNT,X86Base+SSE+SSE2,AES+PCLMUL VectorSize=256
// Job: ShortRun(IterationCount=3, LaunchCount=1, WarmupCount=3)

OverheadJitting  1: 1 op, 149326.00 ns, 149.3260 us/op
WorkloadJitting  1: 1 op, 14843563.00 ns, 14.8436 ms/op

OverheadJitting  2: 16 op, 237434.00 ns, 14.8396 us/op
WorkloadJitting  2: 16 op, 97634742.00 ns, 6.1022 ms/op

WorkloadPilot    1: 16 op, 100921568.00 ns, 6.3076 ms/op
WorkloadPilot    2: 32 op, 145869037.00 ns, 4.5584 ms/op
WorkloadPilot    3: 64 op, 37349472.00 ns, 583.5855 us/op
WorkloadPilot    4: 128 op, 65591151.00 ns, 512.4309 us/op
WorkloadPilot    5: 256 op, 136288745.00 ns, 532.3779 us/op
WorkloadPilot    6: 512 op, 268778185.00 ns, 524.9574 us/op
WorkloadPilot    7: 1024 op, 523750555.00 ns, 511.4752 us/op

OverheadWarmup   1: 1024 op, 3180.00 ns, 3.1055 ns/op
OverheadWarmup   2: 1024 op, 1990.00 ns, 1.9434 ns/op
OverheadWarmup   3: 1024 op, 1960.00 ns, 1.9141 ns/op
OverheadWarmup   4: 1024 op, 2800.00 ns, 2.7344 ns/op
OverheadWarmup   5: 1024 op, 2850.00 ns, 2.7832 ns/op
OverheadWarmup   6: 1024 op, 1970.00 ns, 1.9238 ns/op
OverheadWarmup   7: 1024 op, 2790.00 ns, 2.7246 ns/op
OverheadWarmup   8: 1024 op, 2870.00 ns, 2.8027 ns/op
OverheadWarmup   9: 1024 op, 2730.00 ns, 2.6660 ns/op

OverheadActual   1: 1024 op, 2740.00 ns, 2.6758 ns/op
OverheadActual   2: 1024 op, 2120.00 ns, 2.0703 ns/op
OverheadActual   3: 1024 op, 1820.00 ns, 1.7773 ns/op
OverheadActual   4: 1024 op, 1950.00 ns, 1.9043 ns/op
OverheadActual   5: 1024 op, 3630.00 ns, 3.5449 ns/op
OverheadActual   6: 1024 op, 2530.00 ns, 2.4707 ns/op
OverheadActual   7: 1024 op, 2650.00 ns, 2.5879 ns/op
OverheadActual   8: 1024 op, 2680.00 ns, 2.6172 ns/op
OverheadActual   9: 1024 op, 2720.00 ns, 2.6563 ns/op
OverheadActual  10: 1024 op, 1760.00 ns, 1.7188 ns/op
OverheadActual  11: 1024 op, 1660.00 ns, 1.6211 ns/op
OverheadActual  12: 1024 op, 1670.00 ns, 1.6309 ns/op
OverheadActual  13: 1024 op, 1680.00 ns, 1.6406 ns/op
OverheadActual  14: 1024 op, 2380.00 ns, 2.3242 ns/op
OverheadActual  15: 1024 op, 1690.00 ns, 1.6504 ns/op
OverheadActual  16: 1024 op, 1620.00 ns, 1.5820 ns/op
OverheadActual  17: 1024 op, 1500.00 ns, 1.4648 ns/op
OverheadActual  18: 1024 op, 1540.00 ns, 1.5039 ns/op
OverheadActual  19: 1024 op, 1480.00 ns, 1.4453 ns/op
OverheadActual  20: 1024 op, 1650.00 ns, 1.6113 ns/op

WorkloadWarmup   1: 1024 op, 523988459.00 ns, 511.7075 us/op
WorkloadWarmup   2: 1024 op, 548044733.00 ns, 535.1999 us/op
WorkloadWarmup   3: 1024 op, 521948145.00 ns, 509.7150 us/op

// BeforeActualRun
WorkloadActual   1: 1024 op, 514061394.00 ns, 502.0131 us/op
WorkloadActual   2: 1024 op, 521115373.00 ns, 508.9017 us/op
WorkloadActual   3: 1024 op, 518381707.00 ns, 506.2321 us/op

// AfterActualRun
WorkloadResult   1: 1024 op, 514059604.00 ns, 502.0113 us/op
WorkloadResult   2: 1024 op, 521113583.00 ns, 508.9000 us/op
WorkloadResult   3: 1024 op, 518379917.00 ns, 506.2304 us/op
// GC:  0 0 0 0 1024
// Threading:  0 0 1024

// AfterAll
// Benchmark Process 187988 has exited with code 0.

Mean = 505.714 μs, StdErr = 2.005 μs (0.40%), N = 3, StdDev = 3.473 μs
Min = 502.011 μs, Q1 = 504.121 μs, Median = 506.230 μs, Q3 = 507.565 μs, Max = 508.900 μs
IQR = 3.444 μs, LowerFence = 498.954 μs, UpperFence = 512.732 μs
ConfidenceInterval = [442.349 μs; 569.079 μs] (CI 99.9%), Margin = 63.365 μs (12.53% of Mean)
Skewness = -0.15, Kurtosis = 0.67, MValue = 2

// ** Remained 12 (50.0%) benchmark(s) to run. Estimated finish 2026-10-01 17:59 (0h 1m from now) **
// **************************
// Benchmark: TickBenchmarks.NaiveScatter: Jit(IterationCount=10, IterationTime=250ms, WarmupCount=8) [StampCount=256, Extent=1024, Decay=True]
// *** Execute ***
// Launch: 1 / 1
// Execute: dotnet GiBenchmarks-Jit-1.dll --anonymousPipes 124 125 --benchmarkName "Benchmarks.TickBenchmarks.NaiveScatter(StampCount: 256, Extent: 1024, Decay: True)" --job Jit --benchmarkId 12 in /home/os/GitHub/grid-influence/benchmarks/bin/Release/net10.0/GiBenchmarks-Jit-1/bin/Release/net10.0
// Failed to set up high priority (Permission denied). In order to run benchmarks with high priority, make sure you have the right permissions.
// BeforeAnythingElse

// Benchmark Process Environment Information:
// BenchmarkDotNet v0.15.8
// Runtime=.NET 10.0.12 (10.0.12, 10.0.1226.42308), X64 RyuJIT x86-64-v4
// GC=Concurrent Workstation
// HardwareIntrinsics=AVX512 BITALG+VBMI2+VNNI+VPOPCNTDQ,AVX512 IFMA+VBMI,AVX512 F+BW+CD+DQ+VL,AVX2+BMI1+BMI2+F16C+FMA+LZCNT+MOVBE,AVX,SSE3+SSSE3+SSE4.1+SSE4.2+POPCNT,X86Base+SSE+SSE2,AES+PCLMUL VectorSize=256
// Job: Jit(IterationCount=10, IterationTime=250ms, WarmupCount=8)

OverheadJitting  1: 1 op, 126167.00 ns, 126.1670 us/op
WorkloadJitting  1: 1 op, 34217013.00 ns, 34.2170 ms/op

WorkloadPilot    1: 4 op, 127001935.00 ns, 31.7505 ms/op
WorkloadPilot    2: 8 op, 246171629.00 ns, 30.7715 ms/op

WorkloadWarmup   1: 8 op, 219208501.00 ns, 27.4011 ms/op
WorkloadWarmup   2: 8 op, 232130918.00 ns, 29.0164 ms/op
WorkloadWarmup   3: 8 op, 227616030.00 ns, 28.4520 ms/op
WorkloadWarmup   4: 8 op, 224631028.00 ns, 28.0789 ms/op
WorkloadWarmup   5: 8 op, 235883462.00 ns, 29.4854 ms/op
WorkloadWarmup   6: 8 op, 228467321.00 ns, 28.5584 ms/op
WorkloadWarmup   7: 8 op, 232972428.00 ns, 29.1216 ms/op
WorkloadWarmup   8: 8 op, 229159475.00 ns, 28.6449 ms/op

// BeforeActualRun
WorkloadActual   1: 8 op, 228301614.00 ns, 28.5377 ms/op
WorkloadActual   2: 8 op, 224546970.00 ns, 28.0684 ms/op
WorkloadActual   3: 8 op, 222017157.00 ns, 27.7521 ms/op
WorkloadActual   4: 8 op, 222158144.00 ns, 27.7698 ms/op
WorkloadActual   5: 8 op, 222922107.00 ns, 27.8653 ms/op
WorkloadActual   6: 8 op, 223269689.00 ns, 27.9087 ms/op
WorkloadActual   7: 8 op, 222552395.00 ns, 27.8190 ms/op
WorkloadActual   8: 8 op, 224289416.00 ns, 28.0362 ms/op
WorkloadActual   9: 8 op, 225836921.00 ns, 28.2296 ms/op
WorkloadActual  10: 8 op, 226150304.00 ns, 28.2688 ms/op

// AfterActualRun
WorkloadResult   1: 8 op, 228301614.00 ns, 28.5377 ms/op
WorkloadResult   2: 8 op, 224546970.00 ns, 28.0684 ms/op
WorkloadResult   3: 8 op, 222017157.00 ns, 27.7521 ms/op
WorkloadResult   4: 8 op, 222158144.00 ns, 27.7698 ms/op
WorkloadResult   5: 8 op, 222922107.00 ns, 27.8653 ms/op
WorkloadResult   6: 8 op, 223269689.00 ns, 27.9087 ms/op
WorkloadResult   7: 8 op, 222552395.00 ns, 27.8190 ms/op
WorkloadResult   8: 8 op, 224289416.00 ns, 28.0362 ms/op
WorkloadResult   9: 8 op, 225836921.00 ns, 28.2296 ms/op
WorkloadResult  10: 8 op, 226150304.00 ns, 28.2688 ms/op
// GC:  0 0 0 0 8
// Threading:  0 0 8

// AfterAll
// Benchmark Process 188113 has exited with code 0.

Mean = 28.026 ms, StdErr = 0.081 ms (0.29%), N = 10, StdDev = 0.255 ms
Min = 27.752 ms, Q1 = 27.831 ms, Median = 27.972 ms, Q3 = 28.189 ms, Max = 28.538 ms
IQR = 0.359 ms, LowerFence = 27.293 ms, UpperFence = 28.727 ms
ConfidenceInterval = [27.639 ms; 28.412 ms] (CI 99.9%), Margin = 0.386 ms (1.38% of Mean)
Skewness = 0.63, Kurtosis = 2.03, MValue = 2

// ** Remained 11 (45.8%) benchmark(s) to run. Estimated finish 2026-10-01 17:59 (0h 1m from now) **
// **************************
// Benchmark: TickBenchmarks.FieldPipeline: Jit(IterationCount=10, IterationTime=250ms, WarmupCount=8) [StampCount=256, Extent=1024, Decay=True]
// *** Execute ***
// Launch: 1 / 1
// Execute: dotnet GiBenchmarks-Jit-1.dll --anonymousPipes 124 125 --benchmarkName "Benchmarks.TickBenchmarks.FieldPipeline(StampCount: 256, Extent: 1024, Decay: True)" --job Jit --benchmarkId 13 in /home/os/GitHub/grid-influence/benchmarks/bin/Release/net10.0/GiBenchmarks-Jit-1/bin/Release/net10.0
// Failed to set up high priority (Permission denied). In order to run benchmarks with high priority, make sure you have the right permissions.
// BeforeAnythingElse

// Benchmark Process Environment Information:
// BenchmarkDotNet v0.15.8
// Runtime=.NET 10.0.12 (10.0.12, 10.0.1226.42308), X64 RyuJIT x86-64-v4
// GC=Concurrent Workstation
// HardwareIntrinsics=AVX512 BITALG+VBMI2+VNNI+VPOPCNTDQ,AVX512 IFMA+VBMI,AVX512 F+BW+CD+DQ+VL,AVX2+BMI1+BMI2+F16C+FMA+LZCNT+MOVBE,AVX,SSE3+SSSE3+SSE4.1+SSE4.2+POPCNT,X86Base+SSE+SSE2,AES+PCLMUL VectorSize=256
// Job: Jit(IterationCount=10, IterationTime=250ms, WarmupCount=8)

OverheadJitting  1: 1 op, 120317.00 ns, 120.3170 us/op
WorkloadJitting  1: 1 op, 36865203.00 ns, 36.8652 ms/op

WorkloadPilot    1: 4 op, 136083869.00 ns, 34.0210 ms/op
WorkloadPilot    2: 7 op, 187717567.00 ns, 26.8168 ms/op
WorkloadPilot    3: 9 op, 42537414.00 ns, 4.7264 ms/op
WorkloadPilot    4: 53 op, 173455431.00 ns, 3.2727 ms/op
WorkloadPilot    5: 76 op, 230785478.00 ns, 3.0367 ms/op
WorkloadPilot    6: 82 op, 257370954.00 ns, 3.1387 ms/op
WorkloadPilot    7: 80 op, 249499953.00 ns, 3.1187 ms/op

WorkloadWarmup   1: 80 op, 248707871.00 ns, 3.1088 ms/op
WorkloadWarmup   2: 80 op, 243967179.00 ns, 3.0496 ms/op
WorkloadWarmup   3: 80 op, 245439815.00 ns, 3.0680 ms/op
WorkloadWarmup   4: 80 op, 242989421.00 ns, 3.0374 ms/op
WorkloadWarmup   5: 80 op, 244900627.00 ns, 3.0613 ms/op
WorkloadWarmup   6: 80 op, 251237014.00 ns, 3.1405 ms/op
WorkloadWarmup   7: 80 op, 242432864.00 ns, 3.0304 ms/op
WorkloadWarmup   8: 80 op, 245332598.00 ns, 3.0667 ms/op

// BeforeActualRun
WorkloadActual   1: 80 op, 246404334.00 ns, 3.0801 ms/op
WorkloadActual   2: 80 op, 245419325.00 ns, 3.0677 ms/op
WorkloadActual   3: 80 op, 246799924.00 ns, 3.0850 ms/op
WorkloadActual   4: 80 op, 241367458.00 ns, 3.0171 ms/op
WorkloadActual   5: 80 op, 243666556.00 ns, 3.0458 ms/op
WorkloadActual   6: 80 op, 245633641.00 ns, 3.0704 ms/op
WorkloadActual   7: 80 op, 242855084.00 ns, 3.0357 ms/op
WorkloadActual   8: 80 op, 241867907.00 ns, 3.0233 ms/op
WorkloadActual   9: 80 op, 241714870.00 ns, 3.0214 ms/op
WorkloadActual  10: 80 op, 242155630.00 ns, 3.0269 ms/op

// AfterActualRun
WorkloadResult   1: 80 op, 246404334.00 ns, 3.0801 ms/op
WorkloadResult   2: 80 op, 245419325.00 ns, 3.0677 ms/op
WorkloadResult   3: 80 op, 246799924.00 ns, 3.0850 ms/op
WorkloadResult   4: 80 op, 241367458.00 ns, 3.0171 ms/op
WorkloadResult   5: 80 op, 243666556.00 ns, 3.0458 ms/op
WorkloadResult   6: 80 op, 245633641.00 ns, 3.0704 ms/op
WorkloadResult   7: 80 op, 242855084.00 ns, 3.0357 ms/op
WorkloadResult   8: 80 op, 241867907.00 ns, 3.0233 ms/op
WorkloadResult   9: 80 op, 241714870.00 ns, 3.0214 ms/op
WorkloadResult  10: 80 op, 242155630.00 ns, 3.0269 ms/op
// GC:  0 0 0 0 80
// Threading:  0 0 80

// AfterAll
// Benchmark Process 188155 has exited with code 0.

Mean = 3.047 ms, StdErr = 0.008 ms (0.27%), N = 10, StdDev = 0.026 ms
Min = 3.017 ms, Q1 = 3.024 ms, Median = 3.041 ms, Q3 = 3.070 ms, Max = 3.085 ms
IQR = 0.046 ms, LowerFence = 2.956 ms, UpperFence = 3.138 ms
ConfidenceInterval = [3.008 ms; 3.087 ms] (CI 99.9%), Margin = 0.040 ms (1.30% of Mean)
Skewness = 0.22, Kurtosis = 1.16, MValue = 2

// ** Remained 10 (41.7%) benchmark(s) to run. Estimated finish 2026-10-01 17:59 (0h 1m from now) **
// **************************
// Benchmark: TickBenchmarks.NaiveScatter: ShortRun(IterationCount=3, LaunchCount=1, WarmupCount=3) [StampCount=256, Extent=1024, Decay=True]
// *** Execute ***
// Launch: 1 / 1
// Execute: dotnet GiBenchmarks-Jit-1.dll --anonymousPipes 124 125 --benchmarkName "Benchmarks.TickBenchmarks.NaiveScatter(StampCount: 256, Extent: 1024, Decay: True)" --job ShortRun --benchmarkId 14 in /home/os/GitHub/grid-influence/benchmarks/bin/Release/net10.0/GiBenchmarks-Jit-1/bin/Release/net10.0
// Failed to set up high priority (Permission denied). In order to run benchmarks with high priority, make sure you have the right permissions.
// BeforeAnythingElse

// Benchmark Process Environment Information:
// BenchmarkDotNet v0.15.8
// Runtime=.NET 10.0.12 (10.0.12, 10.0.1226.42308), X64 RyuJIT x86-64-v4
// GC=Concurrent Workstation
// HardwareIntrinsics=AVX512 BITALG+VBMI2+VNNI+VPOPCNTDQ,AVX512 IFMA+VBMI,AVX512 F+BW+CD+DQ+VL,AVX2+BMI1+BMI2+F16C+FMA+LZCNT+MOVBE,AVX,SSE3+SSSE3+SSE4.1+SSE4.2+POPCNT,X86Base+SSE+SSE2,AES+PCLMUL VectorSize=256
// Job: ShortRun(IterationCount=3, LaunchCount=1, WarmupCount=3)

OverheadJitting  1: 1 op, 126778.00 ns, 126.7780 us/op
WorkloadJitting  1: 1 op, 30928147.00 ns, 30.9281 ms/op

OverheadJitting  2: 16 op, 261194.00 ns, 16.3246 us/op
WorkloadJitting  2: 16 op, 444717609.00 ns, 27.7949 ms/op

WorkloadPilot    1: 16 op, 434394963.00 ns, 27.1497 ms/op
WorkloadPilot    2: 32 op, 884592889.00 ns, 27.6435 ms/op

OverheadWarmup   1: 32 op, 1780.00 ns, 55.6250 ns/op
OverheadWarmup   2: 32 op, 300.00 ns, 9.3750 ns/op
OverheadWarmup   3: 32 op, 300.00 ns, 9.3750 ns/op
OverheadWarmup   4: 32 op, 300.00 ns, 9.3750 ns/op
OverheadWarmup   5: 32 op, 330.00 ns, 10.3125 ns/op
OverheadWarmup   6: 32 op, 349.00 ns, 10.9063 ns/op
OverheadWarmup   7: 32 op, 309.00 ns, 9.6563 ns/op

OverheadActual   1: 32 op, 340.00 ns, 10.6250 ns/op
OverheadActual   2: 32 op, 410.00 ns, 12.8125 ns/op
OverheadActual   3: 32 op, 350.00 ns, 10.9375 ns/op
OverheadActual   4: 32 op, 340.00 ns, 10.6250 ns/op
OverheadActual   5: 32 op, 330.00 ns, 10.3125 ns/op
OverheadActual   6: 32 op, 330.00 ns, 10.3125 ns/op
OverheadActual   7: 32 op, 310.00 ns, 9.6875 ns/op
OverheadActual   8: 32 op, 300.00 ns, 9.3750 ns/op
OverheadActual   9: 32 op, 289.00 ns, 9.0313 ns/op
OverheadActual  10: 32 op, 310.00 ns, 9.6875 ns/op
OverheadActual  11: 32 op, 330.00 ns, 10.3125 ns/op
OverheadActual  12: 32 op, 330.00 ns, 10.3125 ns/op
OverheadActual  13: 32 op, 320.00 ns, 10.0000 ns/op
OverheadActual  14: 32 op, 329.00 ns, 10.2813 ns/op
OverheadActual  15: 32 op, 310.00 ns, 9.6875 ns/op
OverheadActual  16: 32 op, 330.00 ns, 10.3125 ns/op
OverheadActual  17: 32 op, 670.00 ns, 20.9375 ns/op
OverheadActual  18: 32 op, 350.00 ns, 10.9375 ns/op
OverheadActual  19: 32 op, 330.00 ns, 10.3125 ns/op
OverheadActual  20: 32 op, 340.00 ns, 10.6250 ns/op

WorkloadWarmup   1: 32 op, 891666898.00 ns, 27.8646 ms/op
WorkloadWarmup   2: 32 op, 918846701.00 ns, 28.7140 ms/op
WorkloadWarmup   3: 32 op, 930209553.00 ns, 29.0690 ms/op

// BeforeActualRun
WorkloadActual   1: 32 op, 949436546.00 ns, 29.6699 ms/op
WorkloadActual   2: 32 op, 1015708750.00 ns, 31.7409 ms/op
WorkloadActual   3: 32 op, 929095978.00 ns, 29.0342 ms/op

// AfterActualRun
WorkloadResult   1: 32 op, 949436216.00 ns, 29.6699 ms/op
WorkloadResult   2: 32 op, 1015708420.00 ns, 31.7409 ms/op
WorkloadResult   3: 32 op, 929095648.00 ns, 29.0342 ms/op
// GC:  0 0 0 0 32
// Threading:  0 0 32

// AfterAll
// Benchmark Process 188262 has exited with code 0.

Mean = 30.148 ms, StdErr = 0.817 ms (2.71%), N = 3, StdDev = 1.415 ms
Min = 29.034 ms, Q1 = 29.352 ms, Median = 29.670 ms, Q3 = 30.705 ms, Max = 31.741 ms
IQR = 1.353 ms, LowerFence = 27.322 ms, UpperFence = 32.735 ms
ConfidenceInterval = [4.327 ms; 55.969 ms] (CI 99.9%), Margin = 25.821 ms (85.65% of Mean)
Skewness = 0.3, Kurtosis = 0.67, MValue = 2

// ** Remained 9 (37.5%) benchmark(s) to run. Estimated finish 2026-10-01 17:59 (0h 0m from now) **
// **************************
// Benchmark: TickBenchmarks.FieldPipeline: ShortRun(IterationCount=3, LaunchCount=1, WarmupCount=3) [StampCount=256, Extent=1024, Decay=True]
// *** Execute ***
// Launch: 1 / 1
// Execute: dotnet GiBenchmarks-Jit-1.dll --anonymousPipes 124 125 --benchmarkName "Benchmarks.TickBenchmarks.FieldPipeline(StampCount: 256, Extent: 1024, Decay: True)" --job ShortRun --benchmarkId 15 in /home/os/GitHub/grid-influence/benchmarks/bin/Release/net10.0/GiBenchmarks-Jit-1/bin/Release/net10.0
// Failed to set up high priority (Permission denied). In order to run benchmarks with high priority, make sure you have the right permissions.
// BeforeAnythingElse

// Benchmark Process Environment Information:
// BenchmarkDotNet v0.15.8
// Runtime=.NET 10.0.12 (10.0.12, 10.0.1226.42308), X64 RyuJIT x86-64-v4
// GC=Concurrent Workstation
// HardwareIntrinsics=AVX512 BITALG+VBMI2+VNNI+VPOPCNTDQ,AVX512 IFMA+VBMI,AVX512 F+BW+CD+DQ+VL,AVX2+BMI1+BMI2+F16C+FMA+LZCNT+MOVBE,AVX,SSE3+SSSE3+SSE4.1+SSE4.2+POPCNT,X86Base+SSE+SSE2,AES+PCLMUL VectorSize=256
// Job: ShortRun(IterationCount=3, LaunchCount=1, WarmupCount=3)

OverheadJitting  1: 1 op, 168096.00 ns, 168.0960 us/op
WorkloadJitting  1: 1 op, 53522155.00 ns, 53.5222 ms/op

WorkloadPilot    1: 2 op, 60541235.00 ns, 30.2706 ms/op
WorkloadPilot    2: 3 op, 103787603.00 ns, 34.5959 ms/op
WorkloadPilot    3: 4 op, 38143053.00 ns, 9.5358 ms/op
WorkloadPilot    4: 5 op, 23029228.00 ns, 4.6058 ms/op
WorkloadPilot    5: 6 op, 28246249.00 ns, 4.7077 ms/op
WorkloadPilot    6: 7 op, 24430735.00 ns, 3.4901 ms/op
WorkloadPilot    7: 8 op, 27264581.00 ns, 3.4081 ms/op
WorkloadPilot    8: 9 op, 41665724.00 ns, 4.6295 ms/op
WorkloadPilot    9: 10 op, 43254987.00 ns, 4.3255 ms/op
WorkloadPilot   10: 11 op, 49148893.00 ns, 4.4681 ms/op
WorkloadPilot   11: 12 op, 44660365.00 ns, 3.7217 ms/op
WorkloadPilot   12: 13 op, 49998434.00 ns, 3.8460 ms/op
WorkloadPilot   13: 14 op, 97214102.00 ns, 6.9439 ms/op
WorkloadPilot   14: 15 op, 116656980.00 ns, 7.7771 ms/op
WorkloadPilot   15: 16 op, 127508094.00 ns, 7.9693 ms/op
WorkloadPilot   16: 32 op, 124997861.00 ns, 3.9062 ms/op
WorkloadPilot   17: 64 op, 226246591.00 ns, 3.5351 ms/op
WorkloadPilot   18: 128 op, 434887182.00 ns, 3.3976 ms/op
WorkloadPilot   19: 256 op, 966020479.00 ns, 3.7735 ms/op

WorkloadWarmup   1: 256 op, 900627245.00 ns, 3.5181 ms/op
WorkloadWarmup   2: 256 op, 1109400473.00 ns, 4.3336 ms/op
WorkloadWarmup   3: 256 op, 1298033819.00 ns, 5.0704 ms/op

// BeforeActualRun
WorkloadActual   1: 256 op, 1203931166.00 ns, 4.7029 ms/op
WorkloadActual   2: 256 op, 893505166.00 ns, 3.4903 ms/op
WorkloadActual   3: 256 op, 787928184.00 ns, 3.0778 ms/op

// AfterActualRun
WorkloadResult   1: 256 op, 1203931166.00 ns, 4.7029 ms/op
WorkloadResult   2: 256 op, 893505166.00 ns, 3.4903 ms/op
WorkloadResult   3: 256 op, 787928184.00 ns, 3.0778 ms/op
// GC:  0 0 0 0 256
// Threading:  0 0 256

// AfterAll
// Benchmark Process 188540 has exited with code 0.

Mean = 3.757 ms, StdErr = 0.488 ms (12.98%), N = 3, StdDev = 0.845 ms
Min = 3.078 ms, Q1 = 3.284 ms, Median = 3.490 ms, Q3 = 4.097 ms, Max = 4.703 ms
IQR = 0.813 ms, LowerFence = 2.065 ms, UpperFence = 5.315 ms
ConfidenceInterval = [-11.654 ms; 19.168 ms] (CI 99.9%), Margin = 15.411 ms (410.18% of Mean)
Skewness = 0.28, Kurtosis = 0.67, MValue = 2

// ** Remained 8 (33.3%) benchmark(s) to run. Estimated finish 2026-10-01 17:59 (0h 0m from now) **
// **************************
// Benchmark: TickBenchmarks.NaiveScatter: Jit(IterationCount=10, IterationTime=250ms, WarmupCount=8) [StampCount=256, Extent=2048, Decay=False]
// *** Execute ***
// Launch: 1 / 1
// Execute: dotnet GiBenchmarks-Jit-1.dll --anonymousPipes 124 125 --benchmarkName "Benchmarks.TickBenchmarks.NaiveScatter(StampCount: 256, Extent: 2048, Decay: False)" --job Jit --benchmarkId 16 in /home/os/GitHub/grid-influence/benchmarks/bin/Release/net10.0/GiBenchmarks-Jit-1/bin/Release/net10.0
// Failed to set up high priority (Permission denied). In order to run benchmarks with high priority, make sure you have the right permissions.
// BeforeAnythingElse

// Benchmark Process Environment Information:
// BenchmarkDotNet v0.15.8
// Runtime=.NET 10.0.12 (10.0.12, 10.0.1226.42308), X64 RyuJIT x86-64-v4
// GC=Concurrent Workstation
// HardwareIntrinsics=AVX512 BITALG+VBMI2+VNNI+VPOPCNTDQ,AVX512 IFMA+VBMI,AVX512 F+BW+CD+DQ+VL,AVX2+BMI1+BMI2+F16C+FMA+LZCNT+MOVBE,AVX,SSE3+SSSE3+SSE4.1+SSE4.2+POPCNT,X86Base+SSE+SSE2,AES+PCLMUL VectorSize=256
// Job: Jit(IterationCount=10, IterationTime=250ms, WarmupCount=8)

OverheadJitting  1: 1 op, 114237.00 ns, 114.2370 us/op
WorkloadJitting  1: 1 op, 4059828.00 ns, 4.0598 ms/op

OverheadJitting  2: 16 op, 232484.00 ns, 14.5303 us/op
WorkloadJitting  2: 16 op, 46755698.00 ns, 2.9222 ms/op

WorkloadPilot    1: 16 op, 45652324.00 ns, 2.8533 ms/op
WorkloadPilot    2: 96 op, 213439942.00 ns, 2.2233 ms/op
WorkloadPilot    3: 112 op, 173336563.00 ns, 1.5476 ms/op
WorkloadPilot    4: 176 op, 266215414.00 ns, 1.5126 ms/op

OverheadWarmup   1: 176 op, 1560.00 ns, 8.8636 ns/op
OverheadWarmup   2: 176 op, 590.00 ns, 3.3523 ns/op
OverheadWarmup   3: 176 op, 629.00 ns, 3.5739 ns/op
OverheadWarmup   4: 176 op, 560.00 ns, 3.1818 ns/op
OverheadWarmup   5: 176 op, 600.00 ns, 3.4091 ns/op
OverheadWarmup   6: 176 op, 580.00 ns, 3.2955 ns/op

OverheadActual   1: 176 op, 610.00 ns, 3.4659 ns/op
OverheadActual   2: 176 op, 610.00 ns, 3.4659 ns/op
OverheadActual   3: 176 op, 580.00 ns, 3.2955 ns/op
OverheadActual   4: 176 op, 580.00 ns, 3.2955 ns/op
OverheadActual   5: 176 op, 590.00 ns, 3.3523 ns/op
OverheadActual   6: 176 op, 520.00 ns, 2.9545 ns/op
OverheadActual   7: 176 op, 510.00 ns, 2.8977 ns/op
OverheadActual   8: 176 op, 510.00 ns, 2.8977 ns/op
OverheadActual   9: 176 op, 540.00 ns, 3.0682 ns/op
OverheadActual  10: 176 op, 550.00 ns, 3.1250 ns/op
OverheadActual  11: 176 op, 540.00 ns, 3.0682 ns/op
OverheadActual  12: 176 op, 520.00 ns, 2.9545 ns/op
OverheadActual  13: 176 op, 550.00 ns, 3.1250 ns/op
OverheadActual  14: 176 op, 550.00 ns, 3.1250 ns/op
OverheadActual  15: 176 op, 530.00 ns, 3.0114 ns/op
OverheadActual  16: 176 op, 540.00 ns, 3.0682 ns/op
OverheadActual  17: 176 op, 560.00 ns, 3.1818 ns/op
OverheadActual  18: 176 op, 620.00 ns, 3.5227 ns/op
OverheadActual  19: 176 op, 540.00 ns, 3.0682 ns/op
OverheadActual  20: 176 op, 500.00 ns, 2.8409 ns/op

WorkloadWarmup   1: 176 op, 263604853.00 ns, 1.4978 ms/op
WorkloadWarmup   2: 176 op, 260710329.00 ns, 1.4813 ms/op
WorkloadWarmup   3: 176 op, 262522878.00 ns, 1.4916 ms/op
WorkloadWarmup   4: 176 op, 261566929.00 ns, 1.4862 ms/op
WorkloadWarmup   5: 176 op, 259286341.00 ns, 1.4732 ms/op
WorkloadWarmup   6: 176 op, 260218230.00 ns, 1.4785 ms/op
WorkloadWarmup   7: 176 op, 260626751.00 ns, 1.4808 ms/op
WorkloadWarmup   8: 176 op, 261211837.00 ns, 1.4842 ms/op

// BeforeActualRun
WorkloadActual   1: 176 op, 259799729.00 ns, 1.4761 ms/op
WorkloadActual   2: 176 op, 263714461.00 ns, 1.4984 ms/op
WorkloadActual   3: 176 op, 263436607.00 ns, 1.4968 ms/op
WorkloadActual   4: 176 op, 262781332.00 ns, 1.4931 ms/op
WorkloadActual   5: 176 op, 261064961.00 ns, 1.4833 ms/op
WorkloadActual   6: 176 op, 261606868.00 ns, 1.4864 ms/op
WorkloadActual   7: 176 op, 267677000.00 ns, 1.5209 ms/op
WorkloadActual   8: 176 op, 286059923.00 ns, 1.6253 ms/op
WorkloadActual   9: 176 op, 266578485.00 ns, 1.5147 ms/op
WorkloadActual  10: 176 op, 264381205.00 ns, 1.5022 ms/op

// AfterActualRun
WorkloadResult   1: 176 op, 259799184.00 ns, 1.4761 ms/op
WorkloadResult   2: 176 op, 263713916.00 ns, 1.4984 ms/op
WorkloadResult   3: 176 op, 263436062.00 ns, 1.4968 ms/op
WorkloadResult   4: 176 op, 262780787.00 ns, 1.4931 ms/op
WorkloadResult   5: 176 op, 261064416.00 ns, 1.4833 ms/op
WorkloadResult   6: 176 op, 261606323.00 ns, 1.4864 ms/op
WorkloadResult   7: 176 op, 267676455.00 ns, 1.5209 ms/op
WorkloadResult   8: 176 op, 266577940.00 ns, 1.5146 ms/op
WorkloadResult   9: 176 op, 264380660.00 ns, 1.5022 ms/op
// GC:  0 0 0 0 176
// Threading:  0 0 176

// AfterAll
// Benchmark Process 188774 has exited with code 0.

Mean = 1.497 ms, StdErr = 0.005 ms (0.32%), N = 9, StdDev = 0.014 ms
Min = 1.476 ms, Q1 = 1.486 ms, Median = 1.497 ms, Q3 = 1.502 ms, Max = 1.521 ms
IQR = 0.016 ms, LowerFence = 1.463 ms, UpperFence = 1.526 ms
ConfidenceInterval = [1.473 ms; 1.521 ms] (CI 99.9%), Margin = 0.024 ms (1.62% of Mean)
Skewness = 0.26, Kurtosis = 1.71, MValue = 2

// ** Remained 7 (29.2%) benchmark(s) to run. Estimated finish 2026-10-01 17:59 (0h 0m from now) **
// **************************
// Benchmark: TickBenchmarks.FieldPipeline: Jit(IterationCount=10, IterationTime=250ms, WarmupCount=8) [StampCount=256, Extent=2048, Decay=False]
// *** Execute ***
// Launch: 1 / 1
// Execute: dotnet GiBenchmarks-Jit-1.dll --anonymousPipes 124 125 --benchmarkName "Benchmarks.TickBenchmarks.FieldPipeline(StampCount: 256, Extent: 2048, Decay: False)" --job Jit --benchmarkId 17 in /home/os/GitHub/grid-influence/benchmarks/bin/Release/net10.0/GiBenchmarks-Jit-1/bin/Release/net10.0
// Failed to set up high priority (Permission denied). In order to run benchmarks with high priority, make sure you have the right permissions.
// BeforeAnythingElse

// Benchmark Process Environment Information:
// BenchmarkDotNet v0.15.8
// Runtime=.NET 10.0.12 (10.0.12, 10.0.1226.42308), X64 RyuJIT x86-64-v4
// GC=Concurrent Workstation
// HardwareIntrinsics=AVX512 BITALG+VBMI2+VNNI+VPOPCNTDQ,AVX512 IFMA+VBMI,AVX512 F+BW+CD+DQ+VL,AVX2+BMI1+BMI2+F16C+FMA+LZCNT+MOVBE,AVX,SSE3+SSSE3+SSE4.1+SSE4.2+POPCNT,X86Base+SSE+SSE2,AES+PCLMUL VectorSize=256
// Job: Jit(IterationCount=10, IterationTime=250ms, WarmupCount=8)

OverheadJitting  1: 1 op, 118908.00 ns, 118.9080 us/op
WorkloadJitting  1: 1 op, 15337082.00 ns, 15.3371 ms/op

OverheadJitting  2: 16 op, 210335.00 ns, 13.1459 us/op
WorkloadJitting  2: 16 op, 112761179.00 ns, 7.0476 ms/op

WorkloadPilot    1: 16 op, 106811484.00 ns, 6.6757 ms/op
WorkloadPilot    2: 48 op, 145901526.00 ns, 3.0396 ms/op
WorkloadPilot    3: 96 op, 57390066.00 ns, 597.8132 us/op
WorkloadPilot    4: 432 op, 249367817.00 ns, 577.2403 us/op
WorkloadPilot    5: 448 op, 258686764.00 ns, 577.4258 us/op

OverheadWarmup   1: 448 op, 1789.00 ns, 3.9933 ns/op
OverheadWarmup   2: 448 op, 720.00 ns, 1.6071 ns/op
OverheadWarmup   3: 448 op, 740.00 ns, 1.6518 ns/op
OverheadWarmup   4: 448 op, 720.00 ns, 1.6071 ns/op
OverheadWarmup   5: 448 op, 760.00 ns, 1.6964 ns/op
OverheadWarmup   6: 448 op, 720.00 ns, 1.6071 ns/op

OverheadActual   1: 448 op, 830.00 ns, 1.8527 ns/op
OverheadActual   2: 448 op, 840.00 ns, 1.8750 ns/op
OverheadActual   3: 448 op, 820.00 ns, 1.8304 ns/op
OverheadActual   4: 448 op, 820.00 ns, 1.8304 ns/op
OverheadActual   5: 448 op, 810.00 ns, 1.8080 ns/op
OverheadActual   6: 448 op, 740.00 ns, 1.6518 ns/op
OverheadActual   7: 448 op, 730.00 ns, 1.6295 ns/op
OverheadActual   8: 448 op, 719.00 ns, 1.6049 ns/op
OverheadActual   9: 448 op, 751.00 ns, 1.6763 ns/op
OverheadActual  10: 448 op, 730.00 ns, 1.6295 ns/op
OverheadActual  11: 448 op, 729.00 ns, 1.6272 ns/op
OverheadActual  12: 448 op, 720.00 ns, 1.6071 ns/op
OverheadActual  13: 448 op, 750.00 ns, 1.6741 ns/op
OverheadActual  14: 448 op, 750.00 ns, 1.6741 ns/op
OverheadActual  15: 448 op, 730.00 ns, 1.6295 ns/op
OverheadActual  16: 448 op, 750.00 ns, 1.6741 ns/op
OverheadActual  17: 448 op, 720.00 ns, 1.6071 ns/op
OverheadActual  18: 448 op, 820.00 ns, 1.8304 ns/op
OverheadActual  19: 448 op, 760.00 ns, 1.6964 ns/op
OverheadActual  20: 448 op, 740.00 ns, 1.6518 ns/op

WorkloadWarmup   1: 448 op, 258777162.00 ns, 577.6276 us/op
WorkloadWarmup   2: 448 op, 259112446.00 ns, 578.3760 us/op
WorkloadWarmup   3: 448 op, 259050626.00 ns, 578.2380 us/op
WorkloadWarmup   4: 448 op, 258711544.00 ns, 577.4811 us/op
WorkloadWarmup   5: 448 op, 258488529.00 ns, 576.9833 us/op
WorkloadWarmup   6: 448 op, 259056277.00 ns, 578.2506 us/op
WorkloadWarmup   7: 448 op, 258923430.00 ns, 577.9541 us/op
WorkloadWarmup   8: 448 op, 258969348.00 ns, 578.0566 us/op

// BeforeActualRun
WorkloadActual   1: 448 op, 258598607.00 ns, 577.2290 us/op
WorkloadActual   2: 448 op, 258452850.00 ns, 576.9037 us/op
WorkloadActual   3: 448 op, 258154737.00 ns, 576.2383 us/op
WorkloadActual   4: 448 op, 258155796.00 ns, 576.2406 us/op
WorkloadActual   5: 448 op, 272258336.00 ns, 607.7195 us/op
WorkloadActual   6: 448 op, 258754213.00 ns, 577.5764 us/op
WorkloadActual   7: 448 op, 257635769.00 ns, 575.0798 us/op
WorkloadActual   8: 448 op, 258673825.00 ns, 577.3969 us/op
WorkloadActual   9: 448 op, 258969189.00 ns, 578.0562 us/op
WorkloadActual  10: 448 op, 258521709.00 ns, 577.0574 us/op

// AfterActualRun
WorkloadResult   1: 448 op, 258597857.00 ns, 577.2274 us/op
WorkloadResult   2: 448 op, 258452100.00 ns, 576.9020 us/op
WorkloadResult   3: 448 op, 258153987.00 ns, 576.2366 us/op
WorkloadResult   4: 448 op, 258155046.00 ns, 576.2389 us/op
WorkloadResult   5: 448 op, 258753463.00 ns, 577.5747 us/op
WorkloadResult   6: 448 op, 257635019.00 ns, 575.0782 us/op
WorkloadResult   7: 448 op, 258673075.00 ns, 577.3953 us/op
WorkloadResult   8: 448 op, 258968439.00 ns, 578.0546 us/op
WorkloadResult   9: 448 op, 258520959.00 ns, 577.0557 us/op
// GC:  0 0 0 0 448
// Threading:  0 0 448

// AfterAll
// Benchmark Process 188842 has exited with code 0.

Mean = 576.863 μs, StdErr = 0.297 μs (0.05%), N = 9, StdDev = 0.891 μs
Min = 575.078 μs, Q1 = 576.239 μs, Median = 577.056 μs, Q3 = 577.395 μs, Max = 578.055 μs
IQR = 1.156 μs, LowerFence = 574.504 μs, UpperFence = 579.130 μs
ConfidenceInterval = [575.366 μs; 578.360 μs] (CI 99.9%), Margin = 1.497 μs (0.26% of Mean)
Skewness = -0.61, Kurtosis = 2.26, MValue = 2

// ** Remained 6 (25.0%) benchmark(s) to run. Estimated finish 2026-10-01 17:59 (0h 0m from now) **
// **************************
// Benchmark: TickBenchmarks.NaiveScatter: ShortRun(IterationCount=3, LaunchCount=1, WarmupCount=3) [StampCount=256, Extent=2048, Decay=False]
// *** Execute ***
// Launch: 1 / 1
// Execute: dotnet GiBenchmarks-Jit-1.dll --anonymousPipes 124 125 --benchmarkName "Benchmarks.TickBenchmarks.NaiveScatter(StampCount: 256, Extent: 2048, Decay: False)" --job ShortRun --benchmarkId 18 in /home/os/GitHub/grid-influence/benchmarks/bin/Release/net10.0/GiBenchmarks-Jit-1/bin/Release/net10.0
// Failed to set up high priority (Permission denied). In order to run benchmarks with high priority, make sure you have the right permissions.
// BeforeAnythingElse

// Benchmark Process Environment Information:
// BenchmarkDotNet v0.15.8
// Runtime=.NET 10.0.12 (10.0.12, 10.0.1226.42308), X64 RyuJIT x86-64-v4
// GC=Concurrent Workstation
// HardwareIntrinsics=AVX512 BITALG+VBMI2+VNNI+VPOPCNTDQ,AVX512 IFMA+VBMI,AVX512 F+BW+CD+DQ+VL,AVX2+BMI1+BMI2+F16C+FMA+LZCNT+MOVBE,AVX,SSE3+SSSE3+SSE4.1+SSE4.2+POPCNT,X86Base+SSE+SSE2,AES+PCLMUL VectorSize=256
// Job: ShortRun(IterationCount=3, LaunchCount=1, WarmupCount=3)

OverheadJitting  1: 1 op, 135547.00 ns, 135.5470 us/op
WorkloadJitting  1: 1 op, 4136126.00 ns, 4.1361 ms/op

OverheadJitting  2: 16 op, 219305.00 ns, 13.7066 us/op
WorkloadJitting  2: 16 op, 46097813.00 ns, 2.8811 ms/op

WorkloadPilot    1: 16 op, 45310340.00 ns, 2.8319 ms/op
WorkloadPilot    2: 32 op, 90210541.00 ns, 2.8191 ms/op
WorkloadPilot    3: 64 op, 126449188.00 ns, 1.9758 ms/op
WorkloadPilot    4: 128 op, 194335406.00 ns, 1.5182 ms/op
WorkloadPilot    5: 256 op, 433500295.00 ns, 1.6934 ms/op
WorkloadPilot    6: 512 op, 785166688.00 ns, 1.5335 ms/op

OverheadWarmup   1: 512 op, 2830.00 ns, 5.5273 ns/op
OverheadWarmup   2: 512 op, 970.00 ns, 1.8945 ns/op
OverheadWarmup   3: 512 op, 980.00 ns, 1.9141 ns/op
OverheadWarmup   4: 512 op, 920.00 ns, 1.7969 ns/op
OverheadWarmup   5: 512 op, 931.00 ns, 1.8184 ns/op
OverheadWarmup   6: 512 op, 880.00 ns, 1.7188 ns/op

OverheadActual   1: 512 op, 890.00 ns, 1.7383 ns/op
OverheadActual   2: 512 op, 891.00 ns, 1.7402 ns/op
OverheadActual   3: 512 op, 900.00 ns, 1.7578 ns/op
OverheadActual   4: 512 op, 860.00 ns, 1.6797 ns/op
OverheadActual   5: 512 op, 880.00 ns, 1.7188 ns/op
OverheadActual   6: 512 op, 810.00 ns, 1.5820 ns/op
OverheadActual   7: 512 op, 810.00 ns, 1.5820 ns/op
OverheadActual   8: 512 op, 820.00 ns, 1.6016 ns/op
OverheadActual   9: 512 op, 840.00 ns, 1.6406 ns/op
OverheadActual  10: 512 op, 840.00 ns, 1.6406 ns/op
OverheadActual  11: 512 op, 840.00 ns, 1.6406 ns/op
OverheadActual  12: 512 op, 1109.00 ns, 2.1660 ns/op
OverheadActual  13: 512 op, 909.00 ns, 1.7754 ns/op
OverheadActual  14: 512 op, 870.00 ns, 1.6992 ns/op
OverheadActual  15: 512 op, 790.00 ns, 1.5430 ns/op

WorkloadWarmup   1: 512 op, 811818412.00 ns, 1.5856 ms/op
WorkloadWarmup   2: 512 op, 859417361.00 ns, 1.6785 ms/op
WorkloadWarmup   3: 512 op, 800448440.00 ns, 1.5634 ms/op

// BeforeActualRun
WorkloadActual   1: 512 op, 797849949.00 ns, 1.5583 ms/op
WorkloadActual   2: 512 op, 791093943.00 ns, 1.5451 ms/op
WorkloadActual   3: 512 op, 811198106.00 ns, 1.5844 ms/op

// AfterActualRun
WorkloadResult   1: 512 op, 797849089.00 ns, 1.5583 ms/op
WorkloadResult   2: 512 op, 791093083.00 ns, 1.5451 ms/op
WorkloadResult   3: 512 op, 811197246.00 ns, 1.5844 ms/op
// GC:  0 0 0 0 512
// Threading:  0 0 512

// AfterAll
// Benchmark Process 188915 has exited with code 0.

Mean = 1.563 ms, StdErr = 0.012 ms (0.74%), N = 3, StdDev = 0.020 ms
Min = 1.545 ms, Q1 = 1.552 ms, Median = 1.558 ms, Q3 = 1.571 ms, Max = 1.584 ms
IQR = 0.020 ms, LowerFence = 1.522 ms, UpperFence = 1.601 ms
ConfidenceInterval = [1.198 ms; 1.927 ms] (CI 99.9%), Margin = 0.365 ms (23.33% of Mean)
Skewness = 0.2, Kurtosis = 0.67, MValue = 2

// ** Remained 5 (20.8%) benchmark(s) to run. Estimated finish 2026-10-01 17:59 (0h 0m from now) **
// **************************
// Benchmark: TickBenchmarks.FieldPipeline: ShortRun(IterationCount=3, LaunchCount=1, WarmupCount=3) [StampCount=256, Extent=2048, Decay=False]
// *** Execute ***
// Launch: 1 / 1
// Execute: dotnet GiBenchmarks-Jit-1.dll --anonymousPipes 124 125 --benchmarkName "Benchmarks.TickBenchmarks.FieldPipeline(StampCount: 256, Extent: 2048, Decay: False)" --job ShortRun --benchmarkId 19 in /home/os/GitHub/grid-influence/benchmarks/bin/Release/net10.0/GiBenchmarks-Jit-1/bin/Release/net10.0
// Failed to set up high priority (Permission denied). In order to run benchmarks with high priority, make sure you have the right permissions.
// BeforeAnythingElse

// Benchmark Process Environment Information:
// BenchmarkDotNet v0.15.8
// Runtime=.NET 10.0.12 (10.0.12, 10.0.1226.42308), X64 RyuJIT x86-64-v4
// GC=Concurrent Workstation
// HardwareIntrinsics=AVX512 BITALG+VBMI2+VNNI+VPOPCNTDQ,AVX512 IFMA+VBMI,AVX512 F+BW+CD+DQ+VL,AVX2+BMI1+BMI2+F16C+FMA+LZCNT+MOVBE,AVX,SSE3+SSSE3+SSE4.1+SSE4.2+POPCNT,X86Base+SSE+SSE2,AES+PCLMUL VectorSize=256
// Job: ShortRun(IterationCount=3, LaunchCount=1, WarmupCount=3)

OverheadJitting  1: 1 op, 125217.00 ns, 125.2170 us/op
WorkloadJitting  1: 1 op, 15505408.00 ns, 15.5054 ms/op

OverheadJitting  2: 16 op, 220625.00 ns, 13.7891 us/op
WorkloadJitting  2: 16 op, 114174337.00 ns, 7.1359 ms/op

WorkloadPilot    1: 16 op, 126769721.00 ns, 7.9231 ms/op
WorkloadPilot    2: 32 op, 194112431.00 ns, 6.0660 ms/op
WorkloadPilot    3: 64 op, 43521262.00 ns, 680.0197 us/op
WorkloadPilot    4: 128 op, 74842360.00 ns, 584.7059 us/op
WorkloadPilot    5: 256 op, 150445643.00 ns, 587.6783 us/op
WorkloadPilot    6: 512 op, 299434349.00 ns, 584.8327 us/op
WorkloadPilot    7: 1024 op, 604269016.00 ns, 590.1065 us/op

OverheadWarmup   1: 1024 op, 2680.00 ns, 2.6172 ns/op
OverheadWarmup   2: 1024 op, 1680.00 ns, 1.6406 ns/op
OverheadWarmup   3: 1024 op, 1660.00 ns, 1.6211 ns/op
OverheadWarmup   4: 1024 op, 1660.00 ns, 1.6211 ns/op
OverheadWarmup   5: 1024 op, 1700.00 ns, 1.6602 ns/op
OverheadWarmup   6: 1024 op, 1659.00 ns, 1.6201 ns/op
OverheadWarmup   7: 1024 op, 1660.00 ns, 1.6211 ns/op

OverheadActual   1: 1024 op, 1540.00 ns, 1.5039 ns/op
OverheadActual   2: 1024 op, 1540.00 ns, 1.5039 ns/op
OverheadActual   3: 1024 op, 1520.00 ns, 1.4844 ns/op
OverheadActual   4: 1024 op, 1520.00 ns, 1.4844 ns/op
OverheadActual   5: 1024 op, 1540.00 ns, 1.5039 ns/op
OverheadActual   6: 1024 op, 1440.00 ns, 1.4063 ns/op
OverheadActual   7: 1024 op, 1460.00 ns, 1.4258 ns/op
OverheadActual   8: 1024 op, 1390.00 ns, 1.3574 ns/op
OverheadActual   9: 1024 op, 1410.00 ns, 1.3770 ns/op
OverheadActual  10: 1024 op, 1451.00 ns, 1.4170 ns/op
OverheadActual  11: 1024 op, 1440.00 ns, 1.4063 ns/op
OverheadActual  12: 1024 op, 1470.00 ns, 1.4355 ns/op
OverheadActual  13: 1024 op, 1450.00 ns, 1.4160 ns/op
OverheadActual  14: 1024 op, 1460.00 ns, 1.4258 ns/op
OverheadActual  15: 1024 op, 1430.00 ns, 1.3965 ns/op

WorkloadWarmup   1: 1024 op, 602599244.00 ns, 588.4758 us/op
WorkloadWarmup   2: 1024 op, 608419222.00 ns, 594.1594 us/op
WorkloadWarmup   3: 1024 op, 609792491.00 ns, 595.5005 us/op

// BeforeActualRun
WorkloadActual   1: 1024 op, 602857708.00 ns, 588.7282 us/op
WorkloadActual   2: 1024 op, 594305933.00 ns, 580.3769 us/op
WorkloadActual   3: 1024 op, 610601303.00 ns, 596.2903 us/op

// AfterActualRun
WorkloadResult   1: 1024 op, 602856248.00 ns, 588.7268 us/op
WorkloadResult   2: 1024 op, 594304473.00 ns, 580.3755 us/op
WorkloadResult   3: 1024 op, 610599843.00 ns, 596.2889 us/op
// GC:  0 0 0 0 1024
// Threading:  0 0 1024

// AfterAll
// Benchmark Process 189297 has exited with code 0.

Mean = 588.464 μs, StdErr = 4.596 μs (0.78%), N = 3, StdDev = 7.960 μs
Min = 580.375 μs, Q1 = 584.551 μs, Median = 588.727 μs, Q3 = 592.508 μs, Max = 596.289 μs
IQR = 7.957 μs, LowerFence = 572.616 μs, UpperFence = 604.443 μs
ConfidenceInterval = [443.244 μs; 733.683 μs] (CI 99.9%), Margin = 145.220 μs (24.68% of Mean)
Skewness = -0.03, Kurtosis = 0.67, MValue = 2

// ** Remained 4 (16.7%) benchmark(s) to run. Estimated finish 2026-10-01 17:59 (0h 0m from now) **
// **************************
// Benchmark: TickBenchmarks.NaiveScatter: Jit(IterationCount=10, IterationTime=250ms, WarmupCount=8) [StampCount=256, Extent=2048, Decay=True]
// *** Execute ***
// Launch: 1 / 1
// Execute: dotnet GiBenchmarks-Jit-1.dll --anonymousPipes 124 125 --benchmarkName "Benchmarks.TickBenchmarks.NaiveScatter(StampCount: 256, Extent: 2048, Decay: True)" --job Jit --benchmarkId 20 in /home/os/GitHub/grid-influence/benchmarks/bin/Release/net10.0/GiBenchmarks-Jit-1/bin/Release/net10.0
// Failed to set up high priority (Permission denied). In order to run benchmarks with high priority, make sure you have the right permissions.
// BeforeAnythingElse

// Benchmark Process Environment Information:
// BenchmarkDotNet v0.15.8
// Runtime=.NET 10.0.12 (10.0.12, 10.0.1226.42308), X64 RyuJIT x86-64-v4
// GC=Concurrent Workstation
// HardwareIntrinsics=AVX512 BITALG+VBMI2+VNNI+VPOPCNTDQ,AVX512 IFMA+VBMI,AVX512 F+BW+CD+DQ+VL,AVX2+BMI1+BMI2+F16C+FMA+LZCNT+MOVBE,AVX,SSE3+SSSE3+SSE4.1+SSE4.2+POPCNT,X86Base+SSE+SSE2,AES+PCLMUL VectorSize=256
// Job: Jit(IterationCount=10, IterationTime=250ms, WarmupCount=8)

OverheadJitting  1: 1 op, 154416.00 ns, 154.4160 us/op
WorkloadJitting  1: 1 op, 131388595.00 ns, 131.3886 ms/op

WorkloadPilot    1: 4 op, 507403406.00 ns, 126.8509 ms/op
WorkloadPilot    2: 2 op, 253537331.00 ns, 126.7687 ms/op

WorkloadWarmup   1: 2 op, 302880361.00 ns, 151.4402 ms/op
WorkloadWarmup   2: 2 op, 257818394.00 ns, 128.9092 ms/op
WorkloadWarmup   3: 2 op, 227117332.00 ns, 113.5587 ms/op
WorkloadWarmup   4: 2 op, 230526284.00 ns, 115.2631 ms/op
WorkloadWarmup   5: 2 op, 235605269.00 ns, 117.8026 ms/op
WorkloadWarmup   6: 2 op, 239192637.00 ns, 119.5963 ms/op
WorkloadWarmup   7: 2 op, 238935533.00 ns, 119.4678 ms/op
WorkloadWarmup   8: 2 op, 237696132.00 ns, 118.8481 ms/op

// BeforeActualRun
WorkloadActual   1: 2 op, 239032231.00 ns, 119.5161 ms/op
WorkloadActual   2: 2 op, 238696709.00 ns, 119.3484 ms/op
WorkloadActual   3: 2 op, 238470824.00 ns, 119.2354 ms/op
WorkloadActual   4: 2 op, 239274756.00 ns, 119.6374 ms/op
WorkloadActual   5: 2 op, 239534260.00 ns, 119.7671 ms/op
WorkloadActual   6: 2 op, 239555109.00 ns, 119.7776 ms/op
WorkloadActual   7: 2 op, 269079819.00 ns, 134.5399 ms/op
WorkloadActual   8: 2 op, 239766214.00 ns, 119.8831 ms/op
WorkloadActual   9: 2 op, 240995237.00 ns, 120.4976 ms/op
WorkloadActual  10: 2 op, 240770701.00 ns, 120.3854 ms/op

// AfterActualRun
WorkloadResult   1: 2 op, 239032231.00 ns, 119.5161 ms/op
WorkloadResult   2: 2 op, 238696709.00 ns, 119.3484 ms/op
WorkloadResult   3: 2 op, 238470824.00 ns, 119.2354 ms/op
WorkloadResult   4: 2 op, 239274756.00 ns, 119.6374 ms/op
WorkloadResult   5: 2 op, 239534260.00 ns, 119.7671 ms/op
WorkloadResult   6: 2 op, 239555109.00 ns, 119.7776 ms/op
WorkloadResult   7: 2 op, 239766214.00 ns, 119.8831 ms/op
WorkloadResult   8: 2 op, 240995237.00 ns, 120.4976 ms/op
WorkloadResult   9: 2 op, 240770701.00 ns, 120.3854 ms/op
// GC:  0 0 0 0 2
// Threading:  0 0 2

// AfterAll
// Benchmark Process 189387 has exited with code 0.

Mean = 119.783 ms, StdErr = 0.143 ms (0.12%), N = 9, StdDev = 0.428 ms
Min = 119.235 ms, Q1 = 119.516 ms, Median = 119.767 ms, Q3 = 119.883 ms, Max = 120.498 ms
IQR = 0.367 ms, LowerFence = 118.966 ms, UpperFence = 120.434 ms
ConfidenceInterval = [119.064 ms; 120.502 ms] (CI 99.9%), Margin = 0.719 ms (0.60% of Mean)
Skewness = 0.45, Kurtosis = 1.73, MValue = 2

// ** Remained 3 (12.5%) benchmark(s) to run. Estimated finish 2026-10-01 17:59 (0h 0m from now) **
// **************************
// Benchmark: TickBenchmarks.FieldPipeline: Jit(IterationCount=10, IterationTime=250ms, WarmupCount=8) [StampCount=256, Extent=2048, Decay=True]
// *** Execute ***
// Launch: 1 / 1
// Execute: dotnet GiBenchmarks-Jit-1.dll --anonymousPipes 124 125 --benchmarkName "Benchmarks.TickBenchmarks.FieldPipeline(StampCount: 256, Extent: 2048, Decay: True)" --job Jit --benchmarkId 21 in /home/os/GitHub/grid-influence/benchmarks/bin/Release/net10.0/GiBenchmarks-Jit-1/bin/Release/net10.0
// Failed to set up high priority (Permission denied). In order to run benchmarks with high priority, make sure you have the right permissions.
// BeforeAnythingElse

// Benchmark Process Environment Information:
// BenchmarkDotNet v0.15.8
// Runtime=.NET 10.0.12 (10.0.12, 10.0.1226.42308), X64 RyuJIT x86-64-v4
// GC=Concurrent Workstation
// HardwareIntrinsics=AVX512 BITALG+VBMI2+VNNI+VPOPCNTDQ,AVX512 IFMA+VBMI,AVX512 F+BW+CD+DQ+VL,AVX2+BMI1+BMI2+F16C+FMA+LZCNT+MOVBE,AVX,SSE3+SSSE3+SSE4.1+SSE4.2+POPCNT,X86Base+SSE+SSE2,AES+PCLMUL VectorSize=256
// Job: Jit(IterationCount=10, IterationTime=250ms, WarmupCount=8)

OverheadJitting  1: 1 op, 128037.00 ns, 128.0370 us/op
WorkloadJitting  1: 1 op, 43476042.00 ns, 43.4760 ms/op

WorkloadPilot    1: 4 op, 179731918.00 ns, 44.9330 ms/op
WorkloadPilot    2: 6 op, 234971813.00 ns, 39.1620 ms/op

WorkloadWarmup   1: 6 op, 34094026.00 ns, 5.6823 ms/op
WorkloadWarmup   2: 6 op, 33998978.00 ns, 5.6665 ms/op
WorkloadWarmup   3: 6 op, 33967459.00 ns, 5.6612 ms/op
WorkloadWarmup   4: 6 op, 34499597.00 ns, 5.7499 ms/op
WorkloadWarmup   5: 6 op, 41201674.00 ns, 6.8669 ms/op
WorkloadWarmup   6: 6 op, 33489250.00 ns, 5.5815 ms/op
WorkloadWarmup   7: 6 op, 40457631.00 ns, 6.7429 ms/op
WorkloadWarmup   8: 6 op, 25513051.00 ns, 4.2522 ms/op

// BeforeActualRun
WorkloadActual   1: 6 op, 25388333.00 ns, 4.2314 ms/op
WorkloadActual   2: 6 op, 25390623.00 ns, 4.2318 ms/op
WorkloadActual   3: 6 op, 25470572.00 ns, 4.2451 ms/op
WorkloadActual   4: 6 op, 25533440.00 ns, 4.2556 ms/op
WorkloadActual   5: 6 op, 26489819.00 ns, 4.4150 ms/op
WorkloadActual   6: 6 op, 26653095.00 ns, 4.4422 ms/op
WorkloadActual   7: 6 op, 28238838.00 ns, 4.7065 ms/op
WorkloadActual   8: 6 op, 27329090.00 ns, 4.5548 ms/op
WorkloadActual   9: 6 op, 25983210.00 ns, 4.3305 ms/op
WorkloadActual  10: 6 op, 25396473.00 ns, 4.2327 ms/op

// AfterActualRun
WorkloadResult   1: 6 op, 25388333.00 ns, 4.2314 ms/op
WorkloadResult   2: 6 op, 25390623.00 ns, 4.2318 ms/op
WorkloadResult   3: 6 op, 25470572.00 ns, 4.2451 ms/op
WorkloadResult   4: 6 op, 25533440.00 ns, 4.2556 ms/op
WorkloadResult   5: 6 op, 26489819.00 ns, 4.4150 ms/op
WorkloadResult   6: 6 op, 26653095.00 ns, 4.4422 ms/op
WorkloadResult   7: 6 op, 28238838.00 ns, 4.7065 ms/op
WorkloadResult   8: 6 op, 27329090.00 ns, 4.5548 ms/op
WorkloadResult   9: 6 op, 25983210.00 ns, 4.3305 ms/op
WorkloadResult  10: 6 op, 25396473.00 ns, 4.2327 ms/op
// GC:  0 0 0 0 6
// Threading:  0 0 6

// AfterAll
// Benchmark Process 189490 has exited with code 0.

Mean = 4.365 ms, StdErr = 0.052 ms (1.19%), N = 10, StdDev = 0.164 ms
Min = 4.231 ms, Q1 = 4.236 ms, Median = 4.293 ms, Q3 = 4.435 ms, Max = 4.706 ms
IQR = 0.200 ms, LowerFence = 3.937 ms, UpperFence = 4.735 ms
ConfidenceInterval = [4.117 ms; 4.612 ms] (CI 99.9%), Margin = 0.248 ms (5.68% of Mean)
Skewness = 0.85, Kurtosis = 2.26, MValue = 2

// ** Remained 2 (8.3%) benchmark(s) to run. Estimated finish 2026-10-01 17:59 (0h 0m from now) **
// **************************
// Benchmark: TickBenchmarks.NaiveScatter: ShortRun(IterationCount=3, LaunchCount=1, WarmupCount=3) [StampCount=256, Extent=2048, Decay=True]
// *** Execute ***
// Launch: 1 / 1
// Execute: dotnet GiBenchmarks-Jit-1.dll --anonymousPipes 124 125 --benchmarkName "Benchmarks.TickBenchmarks.NaiveScatter(StampCount: 256, Extent: 2048, Decay: True)" --job ShortRun --benchmarkId 22 in /home/os/GitHub/grid-influence/benchmarks/bin/Release/net10.0/GiBenchmarks-Jit-1/bin/Release/net10.0
// Failed to set up high priority (Permission denied). In order to run benchmarks with high priority, make sure you have the right permissions.
// BeforeAnythingElse

// Benchmark Process Environment Information:
// BenchmarkDotNet v0.15.8
// Runtime=.NET 10.0.12 (10.0.12, 10.0.1226.42308), X64 RyuJIT x86-64-v4
// GC=Concurrent Workstation
// HardwareIntrinsics=AVX512 BITALG+VBMI2+VNNI+VPOPCNTDQ,AVX512 IFMA+VBMI,AVX512 F+BW+CD+DQ+VL,AVX2+BMI1+BMI2+F16C+FMA+LZCNT+MOVBE,AVX,SSE3+SSSE3+SSE4.1+SSE4.2+POPCNT,X86Base+SSE+SSE2,AES+PCLMUL VectorSize=256
// Job: ShortRun(IterationCount=3, LaunchCount=1, WarmupCount=3)

OverheadJitting  1: 1 op, 151626.00 ns, 151.6260 us/op
WorkloadJitting  1: 1 op, 124156410.00 ns, 124.1564 ms/op

WorkloadPilot    1: 2 op, 252128503.00 ns, 126.0643 ms/op
WorkloadPilot    2: 3 op, 377379669.00 ns, 125.7932 ms/op
WorkloadPilot    3: 4 op, 497941101.00 ns, 124.4853 ms/op
WorkloadPilot    4: 5 op, 573933805.00 ns, 114.7868 ms/op

WorkloadWarmup   1: 5 op, 590843021.00 ns, 118.1686 ms/op
WorkloadWarmup   2: 5 op, 594436309.00 ns, 118.8873 ms/op
WorkloadWarmup   3: 5 op, 593677496.00 ns, 118.7355 ms/op

// BeforeActualRun
WorkloadActual   1: 5 op, 593904962.00 ns, 118.7810 ms/op
WorkloadActual   2: 5 op, 597381543.00 ns, 119.4763 ms/op
WorkloadActual   3: 5 op, 593252756.00 ns, 118.6506 ms/op

// AfterActualRun
WorkloadResult   1: 5 op, 593904962.00 ns, 118.7810 ms/op
WorkloadResult   2: 5 op, 597381543.00 ns, 119.4763 ms/op
WorkloadResult   3: 5 op, 593252756.00 ns, 118.6506 ms/op
// GC:  0 0 0 0 5
// Threading:  0 0 5

// AfterAll
// Benchmark Process 189498 has exited with code 0.

Mean = 118.969 ms, StdErr = 0.256 ms (0.22%), N = 3, StdDev = 0.444 ms
Min = 118.651 ms, Q1 = 118.716 ms, Median = 118.781 ms, Q3 = 119.129 ms, Max = 119.476 ms
IQR = 0.413 ms, LowerFence = 118.096 ms, UpperFence = 119.748 ms
ConfidenceInterval = [110.871 ms; 127.068 ms] (CI 99.9%), Margin = 8.099 ms (6.81% of Mean)
Skewness = 0.35, Kurtosis = 0.67, MValue = 2

// ** Remained 1 (4.2%) benchmark(s) to run. Estimated finish 2026-10-01 17:59 (0h 0m from now) **
// **************************
// Benchmark: TickBenchmarks.FieldPipeline: ShortRun(IterationCount=3, LaunchCount=1, WarmupCount=3) [StampCount=256, Extent=2048, Decay=True]
// *** Execute ***
// Launch: 1 / 1
// Execute: dotnet GiBenchmarks-Jit-1.dll --anonymousPipes 124 125 --benchmarkName "Benchmarks.TickBenchmarks.FieldPipeline(StampCount: 256, Extent: 2048, Decay: True)" --job ShortRun --benchmarkId 23 in /home/os/GitHub/grid-influence/benchmarks/bin/Release/net10.0/GiBenchmarks-Jit-1/bin/Release/net10.0
// Failed to set up high priority (Permission denied). In order to run benchmarks with high priority, make sure you have the right permissions.
// BeforeAnythingElse

// Benchmark Process Environment Information:
// BenchmarkDotNet v0.15.8
// Runtime=.NET 10.0.12 (10.0.12, 10.0.1226.42308), X64 RyuJIT x86-64-v4
// GC=Concurrent Workstation
// HardwareIntrinsics=AVX512 BITALG+VBMI2+VNNI+VPOPCNTDQ,AVX512 IFMA+VBMI,AVX512 F+BW+CD+DQ+VL,AVX2+BMI1+BMI2+F16C+FMA+LZCNT+MOVBE,AVX,SSE3+SSSE3+SSE4.1+SSE4.2+POPCNT,X86Base+SSE+SSE2,AES+PCLMUL VectorSize=256
// Job: ShortRun(IterationCount=3, LaunchCount=1, WarmupCount=3)

OverheadJitting  1: 1 op, 123737.00 ns, 123.7370 us/op
WorkloadJitting  1: 1 op, 46725989.00 ns, 46.7260 ms/op

WorkloadPilot    1: 2 op, 88471011.00 ns, 44.2355 ms/op
WorkloadPilot    2: 3 op, 134544714.00 ns, 44.8482 ms/op
WorkloadPilot    3: 4 op, 171771609.00 ns, 42.9429 ms/op
WorkloadPilot    4: 5 op, 30795011.00 ns, 6.1590 ms/op
WorkloadPilot    5: 6 op, 32103451.00 ns, 5.3506 ms/op
WorkloadPilot    6: 7 op, 31264380.00 ns, 4.4663 ms/op
WorkloadPilot    7: 8 op, 34741501.00 ns, 4.3427 ms/op
WorkloadPilot    8: 9 op, 38582743.00 ns, 4.2870 ms/op
WorkloadPilot    9: 10 op, 42773488.00 ns, 4.2773 ms/op
WorkloadPilot   10: 11 op, 45621134.00 ns, 4.1474 ms/op
WorkloadPilot   11: 12 op, 51090049.00 ns, 4.2575 ms/op
WorkloadPilot   12: 13 op, 55490620.00 ns, 4.2685 ms/op
WorkloadPilot   13: 14 op, 59318383.00 ns, 4.2370 ms/op
WorkloadPilot   14: 15 op, 63502138.00 ns, 4.2335 ms/op
WorkloadPilot   15: 16 op, 67825310.00 ns, 4.2391 ms/op
WorkloadPilot   16: 32 op, 142826776.00 ns, 4.4633 ms/op
WorkloadPilot   17: 64 op, 272914431.00 ns, 4.2643 ms/op
WorkloadPilot   18: 128 op, 553409321.00 ns, 4.3235 ms/op

WorkloadWarmup   1: 128 op, 530017852.00 ns, 4.1408 ms/op
WorkloadWarmup   2: 128 op, 525982945.00 ns, 4.1092 ms/op
WorkloadWarmup   3: 128 op, 527081629.00 ns, 4.1178 ms/op

// BeforeActualRun
WorkloadActual   1: 128 op, 556487781.00 ns, 4.3476 ms/op
WorkloadActual   2: 128 op, 533196990.00 ns, 4.1656 ms/op
WorkloadActual   3: 128 op, 534131329.00 ns, 4.1729 ms/op

// AfterActualRun
WorkloadResult   1: 128 op, 556487781.00 ns, 4.3476 ms/op
WorkloadResult   2: 128 op, 533196990.00 ns, 4.1656 ms/op
WorkloadResult   3: 128 op, 534131329.00 ns, 4.1729 ms/op
// GC:  0 0 0 0 128
// Threading:  0 0 128

// AfterAll
// Benchmark Process 189554 has exited with code 0.

Mean = 4.229 ms, StdErr = 0.059 ms (1.41%), N = 3, StdDev = 0.103 ms
Min = 4.166 ms, Q1 = 4.169 ms, Median = 4.173 ms, Q3 = 4.260 ms, Max = 4.348 ms
IQR = 0.091 ms, LowerFence = 4.033 ms, UpperFence = 4.397 ms
ConfidenceInterval = [2.349 ms; 6.108 ms] (CI 99.9%), Margin = 1.879 ms (44.44% of Mean)
Skewness = 0.38, Kurtosis = 0.67, MValue = 2

// ** Remained 0 (0.0%) benchmark(s) to run. Estimated finish 2026-10-01 17:59 (0h 0m from now) **
// ***** BenchmarkRunner: Finish  *****

// * Export *
  BenchmarkDotNet.Artifacts/results/Benchmarks.TickBenchmarks-report.csv
  BenchmarkDotNet.Artifacts/results/Benchmarks.TickBenchmarks-report-github.md
  BenchmarkDotNet.Artifacts/results/Benchmarks.TickBenchmarks-report.html
  BenchmarkDotNet.Artifacts/results/Benchmarks.TickBenchmarks-report-full.json

// * Detailed results *
TickBenchmarks.NaiveScatter: Jit(IterationCount=10, IterationTime=250ms, WarmupCount=8) [StampCount=256, Extent=256, Decay=False]
Runtime = .NET 10.0.12 (10.0.12, 10.0.1226.42308), X64 RyuJIT x86-64-v4; GC = Concurrent Workstation
Mean = 169.476 μs, StdErr = 1.220 μs (0.72%), N = 9, StdDev = 3.660 μs
Min = 165.173 μs, Q1 = 166.458 μs, Median = 169.296 μs, Q3 = 170.470 μs, Max = 175.597 μs
IQR = 4.011 μs, LowerFence = 160.441 μs, UpperFence = 176.487 μs
ConfidenceInterval = [163.325 μs; 175.626 μs] (CI 99.9%), Margin = 6.151 μs (3.63% of Mean)
Skewness = 0.5, Kurtosis = 1.67, MValue = 2
-------------------- Histogram --------------------
[162.864 μs ; 170.576 μs) | @@@@@@@
[170.576 μs ; 177.907 μs) | @@
---------------------------------------------------

TickBenchmarks.FieldPipeline: Jit(IterationCount=10, IterationTime=250ms, WarmupCount=8) [StampCount=256, Extent=256, Decay=False]
Runtime = .NET 10.0.12 (10.0.12, 10.0.1226.42308), X64 RyuJIT x86-64-v4; GC = Concurrent Workstation
Mean = 181.588 μs, StdErr = 0.576 μs (0.32%), N = 8, StdDev = 1.630 μs
Min = 180.014 μs, Q1 = 180.594 μs, Median = 180.901 μs, Q3 = 182.295 μs, Max = 184.183 μs
IQR = 1.701 μs, LowerFence = 178.043 μs, UpperFence = 184.846 μs
ConfidenceInterval = [178.472 μs; 184.704 μs] (CI 99.9%), Margin = 3.116 μs (1.72% of Mean)
Skewness = 0.69, Kurtosis = 1.59, MValue = 2
-------------------- Histogram --------------------
[178.945 μs ; 185.253 μs) | @@@@@@@@
---------------------------------------------------

TickBenchmarks.NaiveScatter: ShortRun(IterationCount=3, LaunchCount=1, WarmupCount=3) [StampCount=256, Extent=256, Decay=False]
Runtime = .NET 10.0.12 (10.0.12, 10.0.1226.42308), X64 RyuJIT x86-64-v4; GC = Concurrent Workstation
Mean = 162.953 μs, StdErr = 4.036 μs (2.48%), N = 3, StdDev = 6.990 μs
Min = 158.890 μs, Q1 = 158.917 μs, Median = 158.944 μs, Q3 = 164.984 μs, Max = 171.025 μs
IQR = 6.067 μs, LowerFence = 149.816 μs, UpperFence = 174.086 μs
ConfidenceInterval = [35.423 μs; 290.482 μs] (CI 99.9%), Margin = 127.530 μs (78.26% of Mean)
Skewness = 0.38, Kurtosis = 0.67, MValue = 2
-------------------- Histogram --------------------
[158.596 μs ; 171.319 μs) | @@@
---------------------------------------------------

TickBenchmarks.FieldPipeline: ShortRun(IterationCount=3, LaunchCount=1, WarmupCount=3) [StampCount=256, Extent=256, Decay=False]
Runtime = .NET 10.0.12 (10.0.12, 10.0.1226.42308), X64 RyuJIT x86-64-v4; GC = Concurrent Workstation
Mean = 183.768 μs, StdErr = 1.207 μs (0.66%), N = 3, StdDev = 2.091 μs
Min = 182.120 μs, Q1 = 182.592 μs, Median = 183.064 μs, Q3 = 184.592 μs, Max = 186.120 μs
IQR = 2.000 μs, LowerFence = 179.592 μs, UpperFence = 187.592 μs
ConfidenceInterval = [145.625 μs; 221.911 μs] (CI 99.9%), Margin = 38.143 μs (20.76% of Mean)
Skewness = 0.3, Kurtosis = 0.67, MValue = 2
-------------------- Histogram --------------------
[180.690 μs ; 188.023 μs) | @@@
---------------------------------------------------

TickBenchmarks.NaiveScatter: Jit(IterationCount=10, IterationTime=250ms, WarmupCount=8) [StampCount=256, Extent=256, Decay=True]
Runtime = .NET 10.0.12 (10.0.12, 10.0.1226.42308), X64 RyuJIT x86-64-v4; GC = Concurrent Workstation
Mean = 1.850 ms, StdErr = 0.007 ms (0.39%), N = 10, StdDev = 0.023 ms
Min = 1.833 ms, Q1 = 1.833 ms, Median = 1.838 ms, Q3 = 1.867 ms, Max = 1.891 ms
IQR = 0.034 ms, LowerFence = 1.783 ms, UpperFence = 1.917 ms
ConfidenceInterval = [1.815 ms; 1.884 ms] (CI 99.9%), Margin = 0.034 ms (1.86% of Mean)
Skewness = 0.77, Kurtosis = 1.65, MValue = 2
-------------------- Histogram --------------------
[1.819 ms ; 1.902 ms) | @@@@@@@@@@
---------------------------------------------------

TickBenchmarks.FieldPipeline: Jit(IterationCount=10, IterationTime=250ms, WarmupCount=8) [StampCount=256, Extent=256, Decay=True]
Runtime = .NET 10.0.12 (10.0.12, 10.0.1226.42308), X64 RyuJIT x86-64-v4; GC = Concurrent Workstation
Mean = 369.641 μs, StdErr = 6.795 μs (1.84%), N = 10, StdDev = 21.488 μs
Min = 350.267 μs, Q1 = 354.164 μs, Median = 360.981 μs, Q3 = 380.140 μs, Max = 411.982 μs
IQR = 25.976 μs, LowerFence = 315.201 μs, UpperFence = 419.104 μs
ConfidenceInterval = [337.154 μs; 402.129 μs] (CI 99.9%), Margin = 32.487 μs (8.79% of Mean)
Skewness = 0.84, Kurtosis = 2.04, MValue = 2.29
-------------------- Histogram --------------------
[345.562 μs ; 371.744 μs) | @@@@@@@
[371.744 μs ; 392.303 μs) | @
[392.303 μs ; 418.485 μs) | @@
---------------------------------------------------

TickBenchmarks.NaiveScatter: ShortRun(IterationCount=3, LaunchCount=1, WarmupCount=3) [StampCount=256, Extent=256, Decay=True]
Runtime = .NET 10.0.12 (10.0.12, 10.0.1226.42308), X64 RyuJIT x86-64-v4; GC = Concurrent Workstation
Mean = 1.888 ms, StdErr = 0.021 ms (1.14%), N = 3, StdDev = 0.037 ms
Min = 1.858 ms, Q1 = 1.867 ms, Median = 1.876 ms, Q3 = 1.903 ms, Max = 1.930 ms
IQR = 0.036 ms, LowerFence = 1.814 ms, UpperFence = 1.956 ms
ConfidenceInterval = [1.209 ms; 2.567 ms] (CI 99.9%), Margin = 0.679 ms (35.97% of Mean)
Skewness = 0.29, Kurtosis = 0.67, MValue = 2
-------------------- Histogram --------------------
[1.833 ms ; 1.901 ms) | @@
[1.901 ms ; 1.964 ms) | @
---------------------------------------------------

TickBenchmarks.FieldPipeline: ShortRun(IterationCount=3, LaunchCount=1, WarmupCount=3) [StampCount=256, Extent=256, Decay=True]
Runtime = .NET 10.0.12 (10.0.12, 10.0.1226.42308), X64 RyuJIT x86-64-v4; GC = Concurrent Workstation
Mean = 354.540 μs, StdErr = 1.696 μs (0.48%), N = 3, StdDev = 2.937 μs
Min = 351.185 μs, Q1 = 353.487 μs, Median = 355.789 μs, Q3 = 356.218 μs, Max = 356.646 μs
IQR = 2.731 μs, LowerFence = 349.391 μs, UpperFence = 360.314 μs
ConfidenceInterval = [300.958 μs; 408.123 μs] (CI 99.9%), Margin = 53.582 μs (15.11% of Mean)
Skewness = -0.35, Kurtosis = 0.67, MValue = 2
-------------------- Histogram --------------------
[348.512 μs ; 359.319 μs) | @@@
---------------------------------------------------

TickBenchmarks.NaiveScatter: Jit(IterationCount=10, IterationTime=250ms, WarmupCount=8) [StampCount=256, Extent=1024, Decay=False]
Runtime = .NET 10.0.12 (10.0.12, 10.0.1226.42308), X64 RyuJIT x86-64-v4; GC = Concurrent Workstation
Mean = 319.054 μs, StdErr = 3.027 μs (0.95%), N = 10, StdDev = 9.572 μs
Min = 308.100 μs, Q1 = 312.014 μs, Median = 318.079 μs, Q3 = 324.155 μs, Max = 338.363 μs
IQR = 12.141 μs, LowerFence = 293.803 μs, UpperFence = 342.367 μs
ConfidenceInterval = [304.582 μs; 333.525 μs] (CI 99.9%), Margin = 14.471 μs (4.54% of Mean)
Skewness = 0.54, Kurtosis = 2.05, MValue = 2
-------------------- Histogram --------------------
[304.923 μs ; 316.585 μs) | @@@@@
[316.585 μs ; 330.293 μs) | @@@@
[330.293 μs ; 344.194 μs) | @
---------------------------------------------------

TickBenchmarks.FieldPipeline: Jit(IterationCount=10, IterationTime=250ms, WarmupCount=8) [StampCount=256, Extent=1024, Decay=False]
Runtime = .NET 10.0.12 (10.0.12, 10.0.1226.42308), X64 RyuJIT x86-64-v4; GC = Concurrent Workstation
Mean = 507.329 μs, StdErr = 1.880 μs (0.37%), N = 8, StdDev = 5.316 μs
Min = 501.239 μs, Q1 = 503.996 μs, Median = 505.965 μs, Q3 = 509.459 μs, Max = 516.699 μs
IQR = 5.464 μs, LowerFence = 495.800 μs, UpperFence = 517.655 μs
ConfidenceInterval = [497.165 μs; 517.493 μs] (CI 99.9%), Margin = 10.164 μs (2.00% of Mean)
Skewness = 0.58, Kurtosis = 1.72, MValue = 2
-------------------- Histogram --------------------
[499.637 μs ; 520.187 μs) | @@@@@@@@
---------------------------------------------------

TickBenchmarks.NaiveScatter: ShortRun(IterationCount=3, LaunchCount=1, WarmupCount=3) [StampCount=256, Extent=1024, Decay=False]
Runtime = .NET 10.0.12 (10.0.12, 10.0.1226.42308), X64 RyuJIT x86-64-v4; GC = Concurrent Workstation
Mean = 321.449 μs, StdErr = 2.920 μs (0.91%), N = 3, StdDev = 5.058 μs
Min = 318.418 μs, Q1 = 318.530 μs, Median = 318.641 μs, Q3 = 322.965 μs, Max = 327.288 μs
IQR = 4.435 μs, LowerFence = 311.877 μs, UpperFence = 329.617 μs
ConfidenceInterval = [229.172 μs; 413.726 μs] (CI 99.9%), Margin = 92.277 μs (28.71% of Mean)
Skewness = 0.38, Kurtosis = 0.67, MValue = 2
-------------------- Histogram --------------------
[318.250 μs ; 327.456 μs) | @@@
---------------------------------------------------

TickBenchmarks.FieldPipeline: ShortRun(IterationCount=3, LaunchCount=1, WarmupCount=3) [StampCount=256, Extent=1024, Decay=False]
Runtime = .NET 10.0.12 (10.0.12, 10.0.1226.42308), X64 RyuJIT x86-64-v4; GC = Concurrent Workstation
Mean = 505.714 μs, StdErr = 2.005 μs (0.40%), N = 3, StdDev = 3.473 μs
Min = 502.011 μs, Q1 = 504.121 μs, Median = 506.230 μs, Q3 = 507.565 μs, Max = 508.900 μs
IQR = 3.444 μs, LowerFence = 498.954 μs, UpperFence = 512.732 μs
ConfidenceInterval = [442.349 μs; 569.079 μs] (CI 99.9%), Margin = 63.365 μs (12.53% of Mean)
Skewness = -0.15, Kurtosis = 0.67, MValue = 2
-------------------- Histogram --------------------
[498.851 μs ; 512.061 μs) | @@@
---------------------------------------------------

TickBenchmarks.NaiveScatter: Jit(IterationCount=10, IterationTime=250ms, WarmupCount=8) [StampCount=256, Extent=1024, Decay=True]
Runtime = .NET 10.0.12 (10.0.12, 10.0.1226.42308), X64 RyuJIT x86-64-v4; GC = Concurrent Workstation
Mean = 28.026 ms, StdErr = 0.081 ms (0.29%), N = 10, StdDev = 0.255 ms
Min = 27.752 ms, Q1 = 27.831 ms, Median = 27.972 ms, Q3 = 28.189 ms, Max = 28.538 ms
IQR = 0.359 ms, LowerFence = 27.293 ms, UpperFence = 28.727 ms
ConfidenceInterval = [27.639 ms; 28.412 ms] (CI 99.9%), Margin = 0.386 ms (1.38% of Mean)
Skewness = 0.63, Kurtosis = 2.03, MValue = 2
-------------------- Histogram --------------------
[27.597 ms ; 28.693 ms) | @@@@@@@@@@
---------------------------------------------------

TickBenchmarks.FieldPipeline: Jit(IterationCount=10, IterationTime=250ms, WarmupCount=8) [StampCount=256, Extent=1024, Decay=True]
Runtime = .NET 10.0.12 (10.0.12, 10.0.1226.42308), X64 RyuJIT x86-64-v4; GC = Concurrent Workstation
Mean = 3.047 ms, StdErr = 0.008 ms (0.27%), N = 10, StdDev = 0.026 ms
Min = 3.017 ms, Q1 = 3.024 ms, Median = 3.041 ms, Q3 = 3.070 ms, Max = 3.085 ms
IQR = 0.046 ms, LowerFence = 2.956 ms, UpperFence = 3.138 ms
ConfidenceInterval = [3.008 ms; 3.087 ms] (CI 99.9%), Margin = 0.040 ms (1.30% of Mean)
Skewness = 0.22, Kurtosis = 1.16, MValue = 2
-------------------- Histogram --------------------
[3.001 ms ; 3.101 ms) | @@@@@@@@@@
---------------------------------------------------

TickBenchmarks.NaiveScatter: ShortRun(IterationCount=3, LaunchCount=1, WarmupCount=3) [StampCount=256, Extent=1024, Decay=True]
Runtime = .NET 10.0.12 (10.0.12, 10.0.1226.42308), X64 RyuJIT x86-64-v4; GC = Concurrent Workstation
Mean = 30.148 ms, StdErr = 0.817 ms (2.71%), N = 3, StdDev = 1.415 ms
Min = 29.034 ms, Q1 = 29.352 ms, Median = 29.670 ms, Q3 = 30.705 ms, Max = 31.741 ms
IQR = 1.353 ms, LowerFence = 27.322 ms, UpperFence = 32.735 ms
ConfidenceInterval = [4.327 ms; 55.969 ms] (CI 99.9%), Margin = 25.821 ms (85.65% of Mean)
Skewness = 0.3, Kurtosis = 0.67, MValue = 2
-------------------- Histogram --------------------
[28.064 ms ; 30.640 ms) | @@
[30.640 ms ; 33.029 ms) | @
---------------------------------------------------

TickBenchmarks.FieldPipeline: ShortRun(IterationCount=3, LaunchCount=1, WarmupCount=3) [StampCount=256, Extent=1024, Decay=True]
Runtime = .NET 10.0.12 (10.0.12, 10.0.1226.42308), X64 RyuJIT x86-64-v4; GC = Concurrent Workstation
Mean = 3.757 ms, StdErr = 0.488 ms (12.98%), N = 3, StdDev = 0.845 ms
Min = 3.078 ms, Q1 = 3.284 ms, Median = 3.490 ms, Q3 = 4.097 ms, Max = 4.703 ms
IQR = 0.813 ms, LowerFence = 2.065 ms, UpperFence = 5.315 ms
ConfidenceInterval = [-11.654 ms; 19.168 ms] (CI 99.9%), Margin = 15.411 ms (410.18% of Mean)
Skewness = 0.28, Kurtosis = 0.67, MValue = 2
-------------------- Histogram --------------------
[2.515 ms ; 4.053 ms) | @@
[4.053 ms ; 5.472 ms) | @
---------------------------------------------------

TickBenchmarks.NaiveScatter: Jit(IterationCount=10, IterationTime=250ms, WarmupCount=8) [StampCount=256, Extent=2048, Decay=False]
Runtime = .NET 10.0.12 (10.0.12, 10.0.1226.42308), X64 RyuJIT x86-64-v4; GC = Concurrent Workstation
Mean = 1.497 ms, StdErr = 0.005 ms (0.32%), N = 9, StdDev = 0.014 ms
Min = 1.476 ms, Q1 = 1.486 ms, Median = 1.497 ms, Q3 = 1.502 ms, Max = 1.521 ms
IQR = 0.016 ms, LowerFence = 1.463 ms, UpperFence = 1.526 ms
ConfidenceInterval = [1.473 ms; 1.521 ms] (CI 99.9%), Margin = 0.024 ms (1.62% of Mean)
Skewness = 0.26, Kurtosis = 1.71, MValue = 2
-------------------- Histogram --------------------
[1.476 ms ; 1.530 ms) | @@@@@@@@@
---------------------------------------------------

TickBenchmarks.FieldPipeline: Jit(IterationCount=10, IterationTime=250ms, WarmupCount=8) [StampCount=256, Extent=2048, Decay=False]
Runtime = .NET 10.0.12 (10.0.12, 10.0.1226.42308), X64 RyuJIT x86-64-v4; GC = Concurrent Workstation
Mean = 576.863 μs, StdErr = 0.297 μs (0.05%), N = 9, StdDev = 0.891 μs
Min = 575.078 μs, Q1 = 576.239 μs, Median = 577.056 μs, Q3 = 577.395 μs, Max = 578.055 μs
IQR = 1.156 μs, LowerFence = 574.504 μs, UpperFence = 579.130 μs
ConfidenceInterval = [575.366 μs; 578.360 μs] (CI 99.9%), Margin = 1.497 μs (0.26% of Mean)
Skewness = -0.61, Kurtosis = 2.26, MValue = 2
-------------------- Histogram --------------------
[574.516 μs ; 578.617 μs) | @@@@@@@@@
---------------------------------------------------

TickBenchmarks.NaiveScatter: ShortRun(IterationCount=3, LaunchCount=1, WarmupCount=3) [StampCount=256, Extent=2048, Decay=False]
Runtime = .NET 10.0.12 (10.0.12, 10.0.1226.42308), X64 RyuJIT x86-64-v4; GC = Concurrent Workstation
Mean = 1.563 ms, StdErr = 0.012 ms (0.74%), N = 3, StdDev = 0.020 ms
Min = 1.545 ms, Q1 = 1.552 ms, Median = 1.558 ms, Q3 = 1.571 ms, Max = 1.584 ms
IQR = 0.020 ms, LowerFence = 1.522 ms, UpperFence = 1.601 ms
ConfidenceInterval = [1.198 ms; 1.927 ms] (CI 99.9%), Margin = 0.365 ms (23.33% of Mean)
Skewness = 0.2, Kurtosis = 0.67, MValue = 2
-------------------- Histogram --------------------
[1.534 ms ; 1.570 ms) | @@
[1.570 ms ; 1.603 ms) | @
---------------------------------------------------

TickBenchmarks.FieldPipeline: ShortRun(IterationCount=3, LaunchCount=1, WarmupCount=3) [StampCount=256, Extent=2048, Decay=False]
Runtime = .NET 10.0.12 (10.0.12, 10.0.1226.42308), X64 RyuJIT x86-64-v4; GC = Concurrent Workstation
Mean = 588.464 μs, StdErr = 4.596 μs (0.78%), N = 3, StdDev = 7.960 μs
Min = 580.375 μs, Q1 = 584.551 μs, Median = 588.727 μs, Q3 = 592.508 μs, Max = 596.289 μs
IQR = 7.957 μs, LowerFence = 572.616 μs, UpperFence = 604.443 μs
ConfidenceInterval = [443.244 μs; 733.683 μs] (CI 99.9%), Margin = 145.220 μs (24.68% of Mean)
Skewness = -0.03, Kurtosis = 0.67, MValue = 2
-------------------- Histogram --------------------
[573.132 μs ; 585.264 μs) | @
[585.264 μs ; 599.752 μs) | @@
---------------------------------------------------

TickBenchmarks.NaiveScatter: Jit(IterationCount=10, IterationTime=250ms, WarmupCount=8) [StampCount=256, Extent=2048, Decay=True]
Runtime = .NET 10.0.12 (10.0.12, 10.0.1226.42308), X64 RyuJIT x86-64-v4; GC = Concurrent Workstation
Mean = 119.783 ms, StdErr = 0.143 ms (0.12%), N = 9, StdDev = 0.428 ms
Min = 119.235 ms, Q1 = 119.516 ms, Median = 119.767 ms, Q3 = 119.883 ms, Max = 120.498 ms
IQR = 0.367 ms, LowerFence = 118.966 ms, UpperFence = 120.434 ms
ConfidenceInterval = [119.064 ms; 120.502 ms] (CI 99.9%), Margin = 0.719 ms (0.60% of Mean)
Skewness = 0.45, Kurtosis = 1.73, MValue = 2
-------------------- Histogram --------------------
[118.965 ms ; 120.768 ms) | @@@@@@@@@
---------------------------------------------------

TickBenchmarks.FieldPipeline: Jit(IterationCount=10, IterationTime=250ms, WarmupCount=8) [StampCount=256, Extent=2048, Decay=True]
Runtime = .NET 10.0.12 (10.0.12, 10.0.1226.42308), X64 RyuJIT x86-64-v4; GC = Concurrent Workstation
Mean = 4.365 ms, StdErr = 0.052 ms (1.19%), N = 10, StdDev = 0.164 ms
Min = 4.231 ms, Q1 = 4.236 ms, Median = 4.293 ms, Q3 = 4.435 ms, Max = 4.706 ms
IQR = 0.200 ms, LowerFence = 3.937 ms, UpperFence = 4.735 ms
ConfidenceInterval = [4.117 ms; 4.612 ms] (CI 99.9%), Margin = 0.248 ms (5.68% of Mean)
Skewness = 0.85, Kurtosis = 2.26, MValue = 2
-------------------- Histogram --------------------
[4.223 ms ; 4.423 ms) | @@@@@@@
[4.423 ms ; 4.598 ms) | @@
[4.598 ms ; 4.806 ms) | @
---------------------------------------------------

TickBenchmarks.NaiveScatter: ShortRun(IterationCount=3, LaunchCount=1, WarmupCount=3) [StampCount=256, Extent=2048, Decay=True]
Runtime = .NET 10.0.12 (10.0.12, 10.0.1226.42308), X64 RyuJIT x86-64-v4; GC = Concurrent Workstation
Mean = 118.969 ms, StdErr = 0.256 ms (0.22%), N = 3, StdDev = 0.444 ms
Min = 118.651 ms, Q1 = 118.716 ms, Median = 118.781 ms, Q3 = 119.129 ms, Max = 119.476 ms
IQR = 0.413 ms, LowerFence = 118.096 ms, UpperFence = 119.748 ms
ConfidenceInterval = [110.871 ms; 127.068 ms] (CI 99.9%), Margin = 8.099 ms (6.81% of Mean)
Skewness = 0.35, Kurtosis = 0.67, MValue = 2
-------------------- Histogram --------------------
[118.247 ms ; 119.880 ms) | @@@
---------------------------------------------------

TickBenchmarks.FieldPipeline: ShortRun(IterationCount=3, LaunchCount=1, WarmupCount=3) [StampCount=256, Extent=2048, Decay=True]
Runtime = .NET 10.0.12 (10.0.12, 10.0.1226.42308), X64 RyuJIT x86-64-v4; GC = Concurrent Workstation
Mean = 4.229 ms, StdErr = 0.059 ms (1.41%), N = 3, StdDev = 0.103 ms
Min = 4.166 ms, Q1 = 4.169 ms, Median = 4.173 ms, Q3 = 4.260 ms, Max = 4.348 ms
IQR = 0.091 ms, LowerFence = 4.033 ms, UpperFence = 4.397 ms
ConfidenceInterval = [2.349 ms; 6.108 ms] (CI 99.9%), Margin = 1.879 ms (44.44% of Mean)
Skewness = 0.38, Kurtosis = 0.67, MValue = 2
-------------------- Histogram --------------------
[4.163 ms ; 4.350 ms) | @@@
---------------------------------------------------

// * Summary *

BenchmarkDotNet v0.15.8, Linux Omarchy
AMD Ryzen 5 8500G w/ Radeon 740M Graphics 3.34GHz, 1 CPU, 12 logical and 6 physical cores
.NET SDK 10.0.401
  [Host]   : .NET 10.0.12 (10.0.12, 10.0.1226.42308), X64 RyuJIT x86-64-v4
  Jit      : .NET 10.0.12 (10.0.12, 10.0.1226.42308), X64 RyuJIT x86-64-v4
  ShortRun : .NET 10.0.12 (10.0.12, 10.0.1226.42308), X64 RyuJIT x86-64-v4


| Method        | Job      | IterationCount | IterationTime | LaunchCount | WarmupCount | StampCount | Extent | Decay | Mean         | Error        | StdDev      | Median       | Ratio | RatioSD | Allocated | Alloc Ratio |
|-------------- |--------- |--------------- |-------------- |------------ |------------ |----------- |------- |------ |-------------:|-------------:|------------:|-------------:|------:|--------:|----------:|------------:|
| NaiveScatter  | Jit      | 10             | 250ms         | Default     | 8           | 256        | 256    | False |     169.5 μs |      6.15 μs |     3.66 μs |     169.3 μs |  1.00 |    0.03 |         - |          NA |
| FieldPipeline | Jit      | 10             | 250ms         | Default     | 8           | 256        | 256    | False |     181.6 μs |      3.12 μs |     1.63 μs |     180.9 μs |  1.07 |    0.02 |         - |          NA |
|               |          |                |               |             |             |            |        |       |              |              |             |              |       |         |           |             |
| NaiveScatter  | ShortRun | 3              | Default       | 1           | 3           | 256        | 256    | False |     163.0 μs |    127.53 μs |     6.99 μs |     158.9 μs |  1.00 |    0.05 |         - |          NA |
| FieldPipeline | ShortRun | 3              | Default       | 1           | 3           | 256        | 256    | False |     183.8 μs |     38.14 μs |     2.09 μs |     183.1 μs |  1.13 |    0.04 |         - |          NA |
|               |          |                |               |             |             |            |        |       |              |              |             |              |       |         |           |             |
| NaiveScatter  | Jit      | 10             | 250ms         | Default     | 8           | 256        | 256    | True  |   1,849.9 μs |     34.50 μs |    22.82 μs |   1,838.3 μs |  1.00 |    0.02 |         - |          NA |
| FieldPipeline | Jit      | 10             | 250ms         | Default     | 8           | 256        | 256    | True  |     369.6 μs |     32.49 μs |    21.49 μs |     361.0 μs |  0.20 |    0.01 |         - |          NA |
|               |          |                |               |             |             |            |        |       |              |              |             |              |       |         |           |             |
| NaiveScatter  | ShortRun | 3              | Default       | 1           | 3           | 256        | 256    | True  |   1,888.0 μs |    679.14 μs |    37.23 μs |   1,876.0 μs |  1.00 |    0.02 |         - |          NA |
| FieldPipeline | ShortRun | 3              | Default       | 1           | 3           | 256        | 256    | True  |     354.5 μs |     53.58 μs |     2.94 μs |     355.8 μs |  0.19 |    0.00 |         - |          NA |
|               |          |                |               |             |             |            |        |       |              |              |             |              |       |         |           |             |
| NaiveScatter  | Jit      | 10             | 250ms         | Default     | 8           | 256        | 1024   | False |     319.1 μs |     14.47 μs |     9.57 μs |     318.1 μs |  1.00 |    0.04 |         - |          NA |
| FieldPipeline | Jit      | 10             | 250ms         | Default     | 8           | 256        | 1024   | False |     507.3 μs |     10.16 μs |     5.32 μs |     506.0 μs |  1.59 |    0.05 |         - |          NA |
|               |          |                |               |             |             |            |        |       |              |              |             |              |       |         |           |             |
| NaiveScatter  | ShortRun | 3              | Default       | 1           | 3           | 256        | 1024   | False |     321.4 μs |     92.28 μs |     5.06 μs |     318.6 μs |  1.00 |    0.02 |         - |          NA |
| FieldPipeline | ShortRun | 3              | Default       | 1           | 3           | 256        | 1024   | False |     505.7 μs |     63.36 μs |     3.47 μs |     506.2 μs |  1.57 |    0.02 |         - |          NA |
|               |          |                |               |             |             |            |        |       |              |              |             |              |       |         |           |             |
| NaiveScatter  | Jit      | 10             | 250ms         | Default     | 8           | 256        | 1024   | True  |  28,025.6 μs |    386.18 μs |   255.43 μs |  27,972.4 μs |  1.00 |    0.01 |         - |          NA |
| FieldPipeline | Jit      | 10             | 250ms         | Default     | 8           | 256        | 1024   | True  |   3,047.4 μs |     39.53 μs |    26.15 μs |   3,040.8 μs |  0.11 |    0.00 |         - |          NA |
|               |          |                |               |             |             |            |        |       |              |              |             |              |       |         |           |             |
| NaiveScatter  | ShortRun | 3              | Default       | 1           | 3           | 256        | 1024   | True  |  30,148.3 μs | 25,821.00 μs | 1,415.34 μs |  29,669.9 μs |  1.00 |    0.06 |         - |          NA |
| FieldPipeline | ShortRun | 3              | Default       | 1           | 3           | 256        | 1024   | True  |   3,757.0 μs | 15,410.54 μs |   844.70 μs |   3,490.3 μs |  0.12 |    0.02 |         - |          NA |
|               |          |                |               |             |             |            |        |       |              |              |             |              |       |         |           |             |
| NaiveScatter  | Jit      | 10             | 250ms         | Default     | 8           | 256        | 2048   | False |   1,496.9 μs |     24.21 μs |    14.41 μs |   1,496.8 μs |  1.00 |    0.01 |         - |          NA |
| FieldPipeline | Jit      | 10             | 250ms         | Default     | 8           | 256        | 2048   | False |     576.9 μs |      1.50 μs |     0.89 μs |     577.1 μs |  0.39 |    0.00 |         - |          NA |
|               |          |                |               |             |             |            |        |       |              |              |             |              |       |         |           |             |
| NaiveScatter  | ShortRun | 3              | Default       | 1           | 3           | 256        | 2048   | False |   1,562.6 μs |    364.54 μs |    19.98 μs |   1,558.3 μs |  1.00 |    0.02 |         - |          NA |
| FieldPipeline | ShortRun | 3              | Default       | 1           | 3           | 256        | 2048   | False |     588.5 μs |    145.22 μs |     7.96 μs |     588.7 μs |  0.38 |    0.01 |         - |          NA |
|               |          |                |               |             |             |            |        |       |              |              |             |              |       |         |           |             |
| NaiveScatter  | Jit      | 10             | 250ms         | Default     | 8           | 256        | 2048   | True  | 119,783.1 μs |    719.11 μs |   427.93 μs | 119,767.1 μs |  1.00 |    0.00 |         - |          NA |
| FieldPipeline | Jit      | 10             | 250ms         | Default     | 8           | 256        | 2048   | True  |   4,364.6 μs |    247.77 μs |   163.89 μs |   4,293.1 μs |  0.04 |    0.00 |         - |          NA |
|               |          |                |               |             |             |            |        |       |              |              |             |              |       |         |           |             |
| NaiveScatter  | ShortRun | 3              | Default       | 1           | 3           | 256        | 2048   | True  | 118,969.3 μs |  8,098.63 μs |   443.91 μs | 118,781.0 μs |  1.00 |    0.00 |         - |          NA |
| FieldPipeline | ShortRun | 3              | Default       | 1           | 3           | 256        | 2048   | True  |   4,228.7 μs |  1,879.32 μs |   103.01 μs |   4,172.9 μs |  0.04 |    0.00 |         - |          NA |

// * Warnings *
MinIterationTime
  TickBenchmarks.FieldPipeline: Jit -> The minimum observed iteration time is 25.388ms which is very small. It's recommended to increase it to at least 100ms using more operations.

// * Hints *
Outliers
  TickBenchmarks.NaiveScatter: Jit  -> 1 outlier  was  removed (191.66 μs)
  TickBenchmarks.FieldPipeline: Jit -> 2 outliers were removed (190.33 μs, 196.89 μs)
  TickBenchmarks.FieldPipeline: Jit -> 2 outliers were removed (544.16 μs, 561.76 μs)
  TickBenchmarks.NaiveScatter: Jit  -> 1 outlier  was  removed (1.63 ms)
  TickBenchmarks.FieldPipeline: Jit -> 1 outlier  was  removed (607.72 μs)
  TickBenchmarks.NaiveScatter: Jit  -> 1 outlier  was  removed (134.54 ms)

// * Legends *
  StampCount  : Value of the 'StampCount' parameter
  Extent      : Value of the 'Extent' parameter
  Decay       : Value of the 'Decay' parameter
  Mean        : Arithmetic mean of all measurements
  Error       : Half of 99.9% confidence interval
  StdDev      : Standard deviation of all measurements
  Median      : Value separating the higher half of all measurements (50th percentile)
  Ratio       : Mean of the ratio distribution ([Current]/[Baseline])
  RatioSD     : Standard deviation of the ratio distribution ([Current]/[Baseline])
  Allocated   : Allocated memory per single operation (managed only, inclusive, 1KB = 1024B)
  Alloc Ratio : Allocated memory ratio distribution ([Current]/[Baseline])
  1 μs        : 1 Microsecond (0.000001 sec)

// * Diagnostic Output - MemoryDiagnoser *


// ***** BenchmarkRunner: End *****
Run time: 00:02:32 (152.91 sec), executed benchmarks: 24

Global total time: 00:02:39 (159.78 sec), executed benchmarks: 24
// * Artifacts cleanup *
Artifacts cleanup is finished
